IMPERIALIST,IRREPRODUCIBILITY,INDELIBLE,INCOMING,INITIATIONS,IMPENETRABILITY,IMPLORE,INTERVENES,INSTABILITIES
INTENDED,IRRITATES,ILLICIT,INFINITUM,INFUSING,IMMATURE,INVOCATION,INTERPROCESS,INDUCTION
IMMENSE,INADEQUATELY,INEXPENSIVELY,INTENSIFYING,INDIGENOUSLY,INTIMATIONS,IDENTIFIERS,INSTRUMENTALISTS,INESCAPABLY
IMPROVES,INFIDELITY,IRANIANS,INCLOSE,INSTITUTIONALIZED,ISABEL,IRE,IMPERTINENT,INSULATOR
INCAPABLE,INSTRUCTOR,IMP,INSTANTIATION,INTERRELATES,IMPROVES,IMMOVABILITY,INVALIDATIONS,INTEREST
INDUSTRIALIZED,ILONA,IRREPRODUCIBLE,INDIANS,INVENTIVELY,IFNI,INVERTED,INSPIRATION,INSIGNIFICANT
INTERIORS,INTRACTABLY,INVERNESS,INTERPOLATED,INCLUDED,IMPROPER,INTELLIGIBLE,IMPERMANENCE,INDIGENOUSLY
INCUBATING,IMBECILE,INCLUDE,INTENTIONALLY,INSTANTS,INTIMATE,INFERTILE,INDELIBLE,INDOCTRINATES
INQUIRY,INEXPENSIVELY,ISLAMIZATIONS,INTRASTATE,IMPEDE,INDULGED,INDIGENOUSNESS,IRRESPONSIBLY,IMPLICIT
INQUIRER,INFLUENTIALLY,IRRITANT,ICOSAHEDRON,ISAAC,INCONCEIVABLE,INFESTED,INQUISITIVE,INCURSION
IMPLICATING,INTRANSIGENT,INTANGIBLES,INSINUATE,INFERIOR,INFECTIOUS,INDULGING,IMPRESSIONIST,INTERPOSING
INTERSPERSED,INKERS,IMPERIALIST,ISRAELITIZE,INADEQUATE,INCIPIENT,INTERRUPTION,INDISPENSABLE,ILLUMINATES
INEXPLICABLE,INVITATIONS,IMPROVES,INSECT,INCONGRUOUS,ITALIANIZATIONS,INDUCE,INSOLVABLE,IMPROVISERS
INTERFEROMETER,INTERFACER,INEFFICIENCIES,INSTRUCTING,INWARDS,IMAGING,INSINUATE,INSIST,INDIFFERENT
INHABITANT,INDESCRIBABLE,INTESTATE,INFORMED,IMPUDENTLY,INDUCTION,IMPERSONATIONS,ITCH,INVITES
IMPETUOUS,INNINGS,INFIRM,INCREMENT,IMPRESSIONISTIC,IMPRISONED,IONICIZATION,INSPIRE,IMPERMEABLE
ISLET,INBOARD,INTERPRETERS,INTERLACE,INTERACTION,IDEOLOGICALLY,INTERRELATE,INSTALLATIONS,IMPRESSED
IMMEDIACY,INVESTING,INSPIRES,INVISIBLY,IDEALISTIC,INVALIDATE,INVESTED,INESTIMABLE,ILLUSORY
INSTINCTIVE,INQUEST,INCLUSIVE,INHIBITIONS,INVOKES,IRATENESS,INVOKES,INTERRUPTS,IMPRISONMENT
ISLANDS,INCUBATED,INFUSES,INCLUSIVE,INTUBATES,IMPRESSING,INDUCTORS,INTELLECT,INHIBITION
INITIALIZER,INSTITUTIONALIZED,INHERITRIX,INVARIANT,INEVITABILITIES,INQUISITION,INCREDIBLY,IDIOM,INCOMPETENTS
INDUCE,IMAGINARY,ITSELF,IMPATIENCE,INVESTS,INADVERTENTLY,ITEMIZATION,INDUSTRIALS,IMPLICITNESS
INQUEST,INTERDEPENDENT,INFRINGING,INFUSES,ISLANDERS,INCLUDED,INGENUITY,INSTRUMENTATION,INQUISITIVELY
INHERITOR,INTERIM,INDIVIDUAL,IMPRISONMENTS,IRVING,INTERPOL,IMPAIRS,IMBALANCES,IRRIGATING
INTERSECT,INDIVIDUAL,ILLUMINATED,INNINGS,ITALICIZE,IMPLANTING,INTERLEAVE,INSPECTION,ILLUSTRIOUS
INSTANTER,IDIOSYNCRATIC,INEXACT,IMPERFECTIONS,INHERITS,INCREMENTS,IMPERFECTION,INDUCTORS,IRRIGATES
INEQUALITIES,INDUCTING,INTEGRATING,INFLEXIBILITY,INDENTURE,IMPRESS,INTERIORS,IRRIGATION,INTERACTIVITY
INDEFINITENESS,INVESTS,INJECT,INJECTS,INDICATED,INTERMINGLES,IMPARTIALLY,IMPOSSIBILITY,INTUITIONS
IMPLANTS,INCONSIDERATE,IMPUTE,INSPECT,INVOICED,INDUCTED,IGNORANCE,INSUPERABLE,IMPOSITION
IMPLICATES,IBERIAN,INFANTRY,INTERFERED,INDEFATIGABLE,INDICATED,INCENSE,IMPLORE,INASMUCH
INEFFECTIVELY,IMPOSSIBILITY,INTERLACING,INNOCUOUS,INDIANAPOLIS,INVADE,IGNORANTLY,INSECURE,IMMACULATE
ICEBERG,IMPETUS,INTROSPECTIONS,IRISHMEN,INTERRELATE,INFERENCES,INFRINGEMENTS,ITHACAN,INCEPTION
IMPOSES,IMPART,ITHACAN,INTERCHANGED,IRKSOME,INSPIRED,IDEMPOTENT,INFORMALITY,IRREPLACEABLE
INCOMPATIBILITIES,INVITES,INSTITUTIONS,IMPURE,INTRUSION,INEFFICIENCIES,INHOMOGENEITY,IMPOSITIONS,INDUCTANCES
IMPOSSIBILITIES,INTROSPECT,INDULGED,ITEMIZE,IGNORANCE,INDISTINCT,INSTALLERS,INDISTINCT,INFRINGES
INTERMISSION,INDULGENCE,INTOXICATION,IMMOVABLE,IMITATED,INTELLIGENT,ISLET,ITEMIZE,INMATES
INTELLIGIBILITY,IMPRISONING,INSTALLING,INTENSIFIERS,INDIGO,INCORRECTNESS,INTELLIGENT,ISSUER,INHABITS
INTERROGATIONS,INFATUATE,INSIGNIFICANT,IMPROVING,INFRINGED,INDISCRIMINATELY,IMPETUOUSLY,IRWIN,INCENSE
INDICT,ISIS,IMPOSSIBILITY,INTERNATIONALITY,INSURERS,IDEOLOGY,INDUBITABLE,INFORMATION,INCENDIARIES
INTRACTABLY,INQUISITIONS,INTRODUCTORY,INTERPOL,INVARIABLY,INDEMNITY,IRRESPECTIVELY,INDUCING,INFESTS
IMPORTANCE,INDICATING,INFAMY,INCURSION,IRANIZES,INTRAVENOUS,ILLUSTRATOR,INOPERABLE,IMPARTIAL
INVESTING,INDEBTEDNESS,INDUSTRIALLY,INACCURACY,IMPOLITE,INGESTION,IMPRESSER,INFAMOUS,INCEST
INCANTATION,INLAID,INHUMAN,INFRARED,IRREFLEXIVE,INADEQUACY,INSPIRING,INOPERABLE,INTERNED
INDISTINGUISHABLE,IGNOMINIOUS,INTENDING,INTERPRETABLE,INDICATED,INSTANTIATIONS,INHERITRIX,INFERNAL,INTOLERABLY
IRRESPECTIVELY,INSTRUCTS,INHIBITED,INVEST,ISAAC,IONICIZATION,IRKING,IMPRACTICABLE,ITEMIZE
IMPAIRS,ISRAELITIZES,INSTRUMENTALS,INVECTIVE,INERTNESS,ISING,INADEQUATELY,IRKSOME,INTERMISSION
IMPOLITE,IMPENETRABILITY,INANNA,INTERPOLATING,ILLUSTRATIVELY,IRRIGATED,INSTEAD,INCOMPREHENSION,INOCULATE
INDIVIDUAL,INTERPOLATION,INROADS,INSTIGATING,INFUSE,INDETERMINACIES,INTERIOR,IRK,INTESTINES
IMPLANT,INCENTIVES,ILLNESSES,INACTIVE,INDEXES,INSTALLATION,INCENSE,IDLEST,IMPRESSING
INTUITION,INFUSED,IGNORE,INSULIN,INTERCONNECTING,INCLUDING,INSTANTS,INTRANSITIVE,INSANELY
INDUSTRIALISTS,INVOLUNTARY,INTERPOSE,INTERESTED,INTERLEAVED,IMBECILE,INDIA,IMPASSIVE,INDOCTRINATING
INTERCHANGE,INEFFECTIVELY,INCOMPATIBILITY,INVASIONS,INTERNATIONAL,INTERRUPT,INEVITABILITY,INFAMOUS,INDUCER
INFESTS,INTERCHANGEABLY,IMAGINES,INSECURELY,INGENUOUS,ILONA,IRRECOVERABLE,INTERESTING,INFREQUENT
INFLOW,INTERPRET,IRRESISTIBLE,INLAND,INCENDIARY,INDIVIDUALITY,INFECTING,INSECURELY,INDEXING
INSCRIBES,INHERITRIX,INTERPOLATIONS,IMPERFECTLY,INLAID,INVENTIVELY,INFLAMMATION,IMPRESSIONIST,INCONSIDERATENESS
INTROSPECTIONS,INTERDEPENDENCE,ICING,INIMITABLE,INTUITION,INDUSTRIALS,IMPRESSIONISTIC,ISOLATIONS,INTERCEPT
INCONTROVERTIBLY,INSTITUTIONALIZES,ITALIANS,INVOKER,INTERCHANGED,INCLUDE,INVERTERS,INFRINGES,INJUSTICES
INTIMIDATING,IGNITE,INVESTORS,INDISCRETION,INFIDEL,INDICTMENTS,INTERNSHIP,INACCURACY,IONOSPHERE
INSPIRED,IBEX,ISSUANCE,INSTANTANEOUSLY,INFANTRYMEN,INDIVISIBLE,INFLATES,INTERCONNECTS,IRRECONCILABLE
ITCHING,IMPLANTING,IDENTICALLY,IDLING,INSTITUTE,INSTABILITY,INTRUST,INDUCE,INVOLVING
INVOLVE,INGEST,IMPLEMENTORS,INLETS,INEXPENSIVELY,INTELLIGENTLY,INCORRECTNESS,INDUSTRIALLY,INKLING
INGENUOUS,IMITATIONS,INTERCONNECTED,INSTALLS,INTERDEPENDENCY,INEXORABLE,INVALIDATED,INITIATIVE,INVADERS
INHALER,INFRINGES,INTER,INTERESTED,INCLINES,ISAAC,INTROVERTED,IDEALIZATIONS,INJECTION
INGENUOUS,IMPRACTICALLY,ISOTOPE,IDENTITY,INDUSTRIAL,INROADS,INSUFFERABLE,IMMOVABLE,INSCRIBED
INTERSPERSED,IMPLEMENTORS,IRAQI,IMPLIES,INTERFERES,INVESTMENT,INTENSIFYING,IMMINENTLY,IMPLIED
INADVISABLE,IONICIZATION,INTERVIEWER,INCONSIDERATENESS,INFLUENCING,INEVITABILITIES,INTERMINABLE,INVOICED,IONIAN
ITEMIZED,INCREDULITY,INFRINGING,INSUPPORTABLE,IRONS,IRREPRODUCIBILITY,IMPERIAL,INWARDS,INTERRUPTIONS
IMPOSSIBLE,INTERPRETERS,INTERPOSE,INJURIES,INFLICT,INMATES,ICES,INGENUOUS,INTERSPERSES
INDUCTEE,IRONY,IMPOLITE,INTELLIGENTLY,INFECTS,INSTRUMENTAL,INITIATING,INVINCIBLE,IMPERCEPTIBLE
INESSENTIAL,INDECIPHERABLE,INSTIGATES,INTEND,INTELLECTUAL,INFARCT,INTERDEPENDENCIES,IMPLACABLE,INFIX
IMPOSSIBILITY,ILLUSTRATE,ILLS,ISRAELITIZE,INNS,INCISIVE,ICONOCLAST,INFREQUENT,INVERTEBRATES
INSURERS,INSUBORDINATE,INSERTED,INSULAR,INVERTER,ILYUSHIN,INVESTIGATED,IMPLEMENTATION,INSOLVABLE
INFERIORS,INTELLIGENT,IMITATION,INTERPOLATING,INTEGRATING,INCAPACITATE,IBN,IMPOTENCE,INTELLIGENTSIA
INCREMENTER,INCANDESCENT,IGLOO,INSENSITIVELY,INTENSITIES,IMPOTENCE,INTUBATES,INGERSOLL,INSTANTIATION
INTENSIFIERS,INSPIRING,IMPERFECT,IMPERMANENT,INSOLENTLY,INDIVIDUALS,IRELAND,IRAQIS,IMPREGNATE
INFERIOR,INTERCOMMUNICATING,ITEMIZED,IMPOSTOR,INKERS,INGENUITY,INVOCABLE,INDETERMINACY,INWARD
INSTRUCTIONS,INDY,IDENTIFIABLY,IMITATES,IDEAL,INVOLVEMENT,INITIATOR,ISRAELITIZES,IDEAL
