MARCELLO,MARINO,MEMORIALS,MANAGERIAL,MOANS,MAE,MEMOIRS,MALAGASY,MAYORS
MARTS,MILKERS,MYERS,METHUEN,MORAVIANIZED,MANDATORY,MARGINS,MONOGRAMS,MALADIES
MITTEN,MOTIVATED,MOMENTARILY,MOTIONS,MATRONLY,MARBLES,MOLUCCAS,MODULATORS,MARCEAU
MOSLEMS,MOUTON,MIMICKING,MOROCCO,MONTGOMERY,MEANINGFULNESS,MORATORIUM,MARTIAL,MIRAGE
MANICURED,META,MANKIND,MEANINGFULNESS,MANIAC,MICROWORD,MATRIX,MEDICINAL,MASSACRE
MANLEY,MOGADISHU,MASSIVE,MUTATING,MEET,MANDARIN,MONTY,MARIO,MILKING
MEDITERRANEANIZE,MUFF,METHODIST,MULTICAST,MIDNIGHTS,MILLIPEDES,MEALTIME,MODULARIZE,MARGINALLY
MATCHINGS,MELBOURNE,MARCEL,MAURINE,MOVIES,MANTLES,MAHOGANY,MOMENTOUS,MAGUIRES
MARKING,MINESWEEPER,MUSKRATS,MELON,MANAGEMENT,MANIPULATORY,MERGES,MEXICANS,MISHAP
MOOSE,MARATHON,MAILABLE,MUTE,MAGAZINE,MINCES,MACEDON,MENDACIOUS,MORPHISMS
MODERN,MORGAN,MICROCOSM,MERCHANDISING,MIOCENE,MEALS,MOLLIE,MULES,MENDOZA
METROPOLIS,MISSPELLINGS,MANIC,MORTARED,MARKEDLY,MARCY,MINIATURE,MEANER,MENUS
MODALITY,MAXWELLIAN,MONOLOGUE,MORALITIES,MUCH,MISS,MICROWAVE,MINISTRY,MUSICALS
MUNDT,MOUNTABLE,MONITORING,MCKINLEY,MEANINGLESSLY,MATHEMATICAL,MEIER,MUMBLERS,METABOLISM
MINGLED,MASTERMIND,MEAD,MINISTRIES,MAYO,MORALITY,MARTYR,MACKENZIE,MOURNING
MALEFACTORS,MONROE,MYRTLE,MCMULLEN,MUNG,MINDING,MISTRUSTED,MIDSHIPMAN,MONICA
MOUND,MUTILATES,MACAULAYAN,MENOMINEE,METROPOLITAN,METAPHYSICALLY,MUTINIES,MUHAMMAD,MILTONIZES
MULTILAYER,MELPOMENE,MULTI,MAJORED,MORGAN,MEDALS,MUSK,MORTALITY,MCELROY
MUTATION,MOOD,MASTODON,MUCUS,MINDS,MISGUIDED,MEMORABLENESS,MATCHINGS,METALS
MANEUVER,MAGNESIUM,MARVELS,MULTIPLEXED,MONTENEGRIN,MINIATURIZED,MOUND,MACROECONOMICS,MORALE
MARXISMS,MINUTER,MILEAGE,METHODISTS,MONOGRAPHES,MENIALS,MOLECULES,MITTEN,MORPHOLOGICAL
MELODIOUSLY,MASQUERADES,MAGNIFICATION,MARMALADE,MULTIPROCESS,MOVIES,MANEUVERING,MISDEMEANORS,METHODOLOGICALLY
MONDAY,MORES,MALRAUX,MEMORIZING,MODIFIABILITY,MALAMUD,MONTANA,MUSKETS,MANAGING
MULTILAYERED,MEASURED,MUTTERING,MINERAL,MARGINAL,MINOTAUR,MAYO,MONICA,MCDONALD
MAZDA,MEDALLION,MICRO,MARSH,MAGNIFICENTLY,MENDELIAN,MODERNIZE,MISSION,MORTICIAN
MONOPROGRAMMING,MILDNESS,MINGLES,MAGNOLIA,MATURITIES,MARYLANDERS,MELAMPUS,MILLIKAN,MUNITIONS
MONTRACHET,MCKESSON,MILWAUKEE,MITIGATION,MICROWORDS,MEMORIAL,MEDIUM,MATCHED,MANEUVERED
MIEN,MINIMIZER,MICHELANGELO,MCADAM,MURDERS,MERCEDES,MELLOW,MAIDENS,MIKOYAN
MATED,MULTIPROCESSOR,MOUSETRAP,METRICS,MERRILY,MOTHERERS,MINIATURIZES,MUTINIES,MAC
MORTARING,MEEKLY,MOVING,MET,MINIMA,METALLURGY,MISSOURI,MODULATOR,MIGHTILY
MOGADISHU,MAINTENANCE,MANCHURIA,MILQUETOASTS,MONKS,MAMMA,MAHONEY,MAST,MIDDLEBURY
MISHAP,MAHARASHTRA,MICKY,MOVES,MEMORYLESS,MARKOVITZ,MEEKNESS,MINNEAPOLIS,MONT
MOTIFS,MCGOVERN,MUTUALLY,MARGIN,MODELINGS,MATE,MONSTROSITY,MOISTLY,MORNINGS
MUSTER,MARIONETTE,MEASURING,MAUSOLEUM,MISSHAPEN,MERITED,MORBIDLY,MINDFULNESS,MISSPELLING
MEDFORD,MULTIPLICATIVE,MUSTER,MATTRESS,MATRICULATION,MISLEADS,MULTIMEDIA,MANIFESTS,MICROPHONES
MATCHERS,MORAVIAN,MEMBERSHIPS,MOTORING,MUCKER,MOTIF,MICROCODES,MICROSCOPE,MACH
MEMOS,MOTORCARS,MATTERS,MILTONIAN,MISNOMER,MCNULTY,MARJORIE,MODESTY,MOHAMMEDANISM
MELINDA,MODULATED,MONOGAMY,MICROFILM,MOTIVATING,MANORS,MOONLIT,MONOGAMOUS,MALI
MICROARCHITECTURES,MURDERS,MAILMEN,MASSACHUSETTS,MARGINAL,MUSEUMS,MUSE,MINUTEMAN,MCGREGOR
