DEPUTIES,DIRTY,DOMESTICALLY,DEFAULTS,DRAGONS,DEFIANCE,DYNAMO,DEDUCTIBLE,DAMPENS
DELVING,DAZZLE,DESEGREGATE,DOUBLED,DISHES,DELIBERATORS,DISTRIBUTORS,DEBT,DESPERATE
DIAGNOSIS,DEMONSTRATIONS,DOCTRINAL,DUNG,DATAGRAMS,DUMPS,DEPORT,DRAWING,DRUNKEN
DETERMINISM,DISBANDS,DESYNCHRONIZE,DISPLEASED,DOLLIES,DISRUPT,DIAGNOSIS,DANVILLE,DISCONNECT
DISSENT,DURRELL,DESPOTIC,DWELT,DES,DISPLEASE,DEBRIEF,DESIGNATORS,DANGEROUSLY
DEBAUCH,DRESSMAKERS,DEAF,DOWNFALL,DEPENDENTS,DISTORTION,DECLARED,DESIRE,DECATHLON
DRIFTERS,DELIGHTS,DISRUPT,DEVIATING,DISENGAGES,DIARY,DOWNPLAYED,DOORKEEPER,DILLON
DUMBNESS,DISKETTE,DESOLATELY,DELIGHTFULLY,DEVICE,DOCUMENTERS,DELEGATE,DIVINE,DISPERSIONS
DEATHLY,DRAPES,DEDUCE,DIAGNOSTIC,DISOBEY,DISMOUNTED,DESERTING,DISCHARGING,DROPLET
DEBORAH,DECLINERS,DETERMINABLE,DISCONTINUED,DOGGING,DRUDGERY,DEPRECIATES,DMITRI,DAZZLE
DEEDS,DAUNTLESS,DRILLED,DANA,DREAMY,DROUGHT,DEMORALIZE,DROOPING,DEDUCED
DEVASTATION,DRINK,DOWEL,DESTROYS,DELIMIT,DELETIONS,DELPHINUS,DISCREPANCIES,DIAGRAMS
DISMEMBERMENT,DRAWNNESS,DISHONOR,DARLENE,DECRYPT,DRAMATIC,DUDLEY,DEPOSITS,DECOUPLED
DONKEYS,DISPLAY,DESPISING,DROWNINGS,DELIVERING,DESIGNATORS,DIALOGUES,DISPEL,DISTRACTS
DIABETIC,DECAL,DISSOCIATING,DESTUFF,DEBASE,DISENTANGLE,DIAGRAMMING,DIETER,DONNYBROOK
DEMULTIPLEXED,DURKIN,DEKALB,DILOGARITHM,DAME,DIVERSIFYING,DIVISOR,DIALECTIC,DADAISTIC
DISPLAYING,DISPARITIES,DRAMATISTS,DEFLECT,DISABLERS,DYNAMICS,DEPLETION,DOMESTICALLY,DISHONORING
DANZIG,DISENGAGED,DURABILITIES,DIAL,DAMPING,DEEPENS,DESPERATE,DICTATED,DECOMPOSITION
DOCUMENTERS,DREAMING,DEMOUNTABLE,DIFFERERS,DRENCHING,DESPERATION,DISQUALIFYING,DAMPEN,DROP
DEPENDENCE,DUSTIN,DESTRUCTION,DRAGOONS,DIALED,DEVASTATE,DECREMENTS,DICTION,DILEMMA
DECRYPT,DISLOCATION,DILATING,DUMBNESS,DAINTINESS,DEMORGAN,DEC,DOZED,DETECTED
DARKEST,DREADS,DELIBERATOR,DECOMPOSITIONS,DEAREST,DEBASE,DRUNKENNESS,DISTRIBUTION,DOWNLINK
DREARY,DIALS,DOGHOUSE,DIVERSE,DIVESTED,DECEITFUL,DISGRUNTLE,DIVERSIFIES,DREADED
DISCLOSES,DISSOLUTIONS,DELEGATE,DISCUSSIONS,DIVIDE,DISTORTED,DEVOTE,DEVOTEDLY,DEVOTE
DAYDREAM,DIMENSIONAL,DETERMINATE,DENTED,DOTE,DOOR,DIVE,DAUGHTERS,DIVINITIES
DIFFUSIONS,DISAPPEARED,DEPENDABLE,DOMINEER,DRAWN,DEDUCTED,DISFIGURES,DERAILED,DEPRESSED
DIAMONDS,DICTIONARY,DISAPPEARING,DOMESTICATING,DEMANDED,DEGRADATIONS,DRILLING,DISCONNECTING,DRIVE
DICTION,DIVIDE,DISFIGURING,DYSTROPHY,DONECK,DISHONORABLE,DIAPERS,DELETING,DICTATIONS
