LOIS,LOCATION,LEASING,LEARNER,LIEN,LEMMING,LIGGETT,LOOSES,LIKEN
LOWNESS,LACQUER,LAMBERT,LAUNDERINGS,LEGERS,LADYLIKE,LEWELLYN,LEGISLATING,LEATHER
LAMENTATIONS,LIVER,LOCK,LINDY,LOCATE,LITERATURE,LACKS,LITERAL,LUSTINESS
LEARNED,LOUNGES,LUTHERANIZE,LUCIA,LENDER,LEFTOVER,LUFTWAFFE,LURE,LETTERHEAD
LUCKS,LANGUISHING,LYNCHBURG,LOMBARDY,LIGHTED,LINDEN,LOCKOUT,LEGENDARY,LINCOLN
LINGER,LOPSIDED,LITTER,LAWFORD,LUCY,LUCKED,LATRINE,LOGISTIC,LASSES
LATROBE,LEANED,LITTLENESS,LOCUS,LIFELONG,LASTED,LOWELL,LLOYD,LEGENDS
LAMPS,LOFTS,LEW,LEFT,LAMENTS,LIVABLY,LUSCIOUSLY,LONDONIZES,LAISSEZ
LOVERS,LAMP,LIGHTING,LYRIC,LAVISHED,LUTHERANIZERS,LOINCLOTH,LAVISHLY,LAYOFFS
LEAKING,LINED,LYRICS,LUXEMBURG,LABELLERS,LAWSUITS,LABELED,LANDSCAPING,LAUGHABLE
LOATHED,LIVINGSTON,LICKING,LOOSENED,LEAKING,LAWGIVER,LOOTS,LINDHOLM,LEONE
LIKENESSES,LOBE,LOOSES,LAUNCH,LITTERS,LIBRARY,LAMBDAS,LEFTWARD,LANCASTER
LYNCHBURG,LEPROSY,LOGINS,LUSCIOUSLY,LAYERED,LICKING,LUCILLE,LINEARIZABLE,LOTTERY
LEADINGS,LABRADOR,LANDINGS,LEASE,LOGISTIC,LUCID,LENGTHEN,LABELLER,LOWE
LIMPNESS,LIED,LETTERING,LOAVES,LIMOUSINE,LOGINS,LIFTING,LAPSE,LATER
LIONESSES,LANCES,LOGICIAN,LOOSELY,LOOTS,LATTIMER,LUXURIOUSLY,LOTHARIO,LEVELING
LAMBS,LOWLANDS,LAGOS,LEADED,LONDONIZATIONS,LEGISLATION,LISS,LUMP,LINERS
LOWLANDS,LIKENESSES,LOADERS,LUMBERED,LATRINE,LIMAN,LEVELS,LUMBERED,LOIS
LANDLORDS,LENTIL,LUSH,LINDEN,LIFESTYLES,LEMUEL,LIECHTENSTEIN,LEGITIMATE,LOWERING
LAGOS,LOYAL,LEOPOLDVILLE,LITIGANT,LUCK,LETTERHEAD,LIEBERMAN,LENS,LOTS
LACQUER,LIQUOR,LEVER,LOVELACE,LANDLORDS,LEMONS,LIGHTER,LYNCHER,LARGER
LABELLED,LEILA,LETTING,LIMOUSINE,LIMITED,LACKED,LUMP,LATTERLY,LETTUCE
LYNXES,LIBERALIZING,LOUISIANA,LICK,LEVELLER,LEXICAL,LONELIER,LIVENESS,LONGINGS
LARKS,LIFESPAN,LIGHTER,LENDER,LOIS,LOGAN,LAME,LAIRS,LIMITER
LITERATURES,LENIN,LINENS,LUCKIEST,LANDINGS,LEATHER,LIABLE,LENDER,LIBEL
LONDONIZE,LACQUERS,LIEU,LORDSHIP,LOWLY,LUKE,LARSEN,LOCKOUT,LACKAWANNA
LAVOISIER,LANG,LIBERATES,LOUNGE,LISP,LOOSEN,LANGUIDNESS,LIBYA,LIVERPOOL
LEAR,LECTURERS,LIBERATING,LIGHTERS,LOUVRE,LECTURE,LAWRENCE,LINEARIZABLE,LEYDEN
LOUNGE,LEARNER,LEVELLEST,LILA,LITMUS,LEVIES,LIE,LITERALLY,LIFTED
LOCALITIES,LUNCHEONS,LIBERTY,LEVERAGE,LOCOMOTIVES,LUXURIES,LONDONDERRY,LAWN,LEXICOGRAPHICALLY
LANCER,LIPSCHITZ,LORETTA,LEEUWENHOEK,LINDHOLM,LAYMEN,LAY,LORINDA,LARSEN
LOKI,LUDLOW,LEXICON,LINUX,LAUNDROMAT,LOCKOUTS,LARRY,LONGS,LAVISH
LURCHED,LECTURING,LACERATION,LESSEN,LOPEZ,LIBRARIANS,LUSTROUS,LUNAR,LADIES
LIEGE,LITIGANT,LEAVENWORTH,LAKEHURST,LANSING,LEAKY,LEWELLYN,LEVELLER,LOATHLY
LINEARIZED,LIONESS,LEVELLY,LORD,LOCATING,LOITERED,LOOT,LEEWARD,LIND
LEFT,LOLA,LORDS,LOOKING,LOCI,LUMPS,LETTERHEAD,LEADED,LURES
LASTING,LUXEMBURG,LOCUSTS,LEAPFROG,LEER,LUNCHES,LITIGIOUS,LOATHED,LOOP
LITANY,LASHES,LYNCHER,LOSS,LEAVEN,LAYER,LENGTHENED,LARAMIE,LITTERED
LIMITS,LUNATIC,LAVA,LOVELIER,LAMENTING,LIGHTER,LIN,LOLA,LAMPORT
LINGER,LOVABLY,LITERALS,LEON,LICKED,LABRADOR,LASS,LENINISM,LOINCLOTH
LIBRARIANS,LINEN,LOWER,LOUNGING,LANDED,LAGOS,LENDING,LIEGE,LYRICS
LOOKERS,LINGUISTIC,LUCKED,LEGALIZATION,LOINCLOTH,LAO,LAVISHING,LEAGUE,LECTURES
LIECHTENSTEIN,LEVELLING,LANDOWNERS,LOVERS,LILAC,LORENTZIAN,LARKS,LENIENT,LAW
LOCKERS,LANDOWNERS,LABORER,LOOKUP,LOUNGES,LIBERATOR,LEVIABLE,LUTES,LATHE
LOGICIAN,LUSAKA,LYSENKO,LEDGE,LEOPOLDVILLE,LOYALTY,LAZED,LINT,LIZZIE
LIMOUSINE,LOCALS,LAGS,LESSER,LAURENTIAN,LESSENING,LADY,LUXURY,LATERAL
LUIS,LIMITLESS,LEGALITY,LADS,LOVELACE,LIECHTENSTEIN,LICE,LANGLEY,LETITIA
LIVABLY,LICENSED,LOOSENESS,LANKA,LISTENERS,LANDSLIDE,LOUNGING,LAOCOON,LETTERHEAD
LILY,LUCIFER,LYNDON,LINUX,LUTHERANIZER,LAVATORIES,LAMENTING,LINDSEY,LOCKIAN
LASHINGS,LAUNCH,LAGUNA,LECTURER,LASTING,LIGHTENS,LIMP,LUBRICANT,LOOSEST
LEFTISTS,LEONARDO,LONDONIZES,LUBBOCK,LOITERS,LUND,LUCIUS,LAIR,LOADS
LATENESS,LENGTHEN,LOREN,LEGALIZATION,LOGISTIC,LOUDSPEAKERS,LOOKUPS,LICKS,LOWERED
LINT,LOCALLY,LANDSCAPE,LAZED,LOWERING,LEPROSY,LOOKING,LIVID,LIBYAN
LEVIABLE,LAMBERT,LITTON,LATHE,LUNCHING,LEONA,LIPSCHITZ,LUXURIANT,LOCALS
LURCH,LACERTA,LEGS,LANGUISHES,LOCUSTS,LITERATURES,LORDSHIP,LAUSANNE,LEADERS
LIGHTS,LIEBERMAN,LUDWIG,LOVERS,LEXICAL,LASTING,LAUNCHINGS,LOUD,LATENESS
LODGE,LEVELLY,LEANS,LUCILLE,LUSCIOUSLY,LEANER,LOVELIES,LABELLERS,LORRAINE
LINDHOLM,LUDWIG,LAZYBONES,LYON,LEAPING,LONDONIZES,LORENZ,LOUSE,LOVELIER
LEAVED,LISP,LOUD,LAMELY,LOCKSMITH,LAWSUIT,LAVISH,LIEUTENANTS,LIVES
LINDEN,LODGE,LOBBY,LASER,LODGED,LIVINGSTON,LITTER,LEOPARD,LILACS
LEAGUER,LEVERS,LUSTER,LAPEL,LINED,LEGITIMACY,LACERATING,LISS,LIAISONS
LAW,LAWRENCEVILLE,LONELIEST,LENGTHENS,LIVENESS,LESBIAN,LOADER,LUCIUS,LIBERATES
