ZONING,ZEROS,ZAN,ZONE,ZEALAND,ZAN,ZEROS,ZENNIST,ZINC
ZANZIBAR,ZILLIONS,ZEROTH,ZAN,ZONES,ZULU,ZEALAND,ZEALOUSNESS,ZELLERBACH
ZINC,ZURICH,ZIEGFELDS,ZIGZAG,ZIEGFELD,ZANZIBAR,ZEALOUSNESS,ZEST,ZOMBA
ZILLIONS,ZEBRAS,ZILLIONS,ZEROES,ZEALOUSNESS,ZIONISTS,ZEISS,ZONED,ZULU
ZOOS,ZULU,ZOE,ZOE,ZEISS,ZEALOUSNESS,ZEALOUSNESS,ZIONISM,ZONAL
ZEBRA,ZOOLOGICALLY,ZIGGY,ZOOLOGICALLY,ZEROTH,ZIGZAG,ZOOLOGICALLY,ZAGREB,ZONAL
ZIONIST,ZODIAC,ZEROTH,ZIEGFELDS,ZONAL,ZONED,ZOROASTRIAN,ZAMBIA,ZIGGY
ZION,ZULU,ZEISS,ZEALOUSLY,ZODIAC,ZION,ZIONISTS,ZACHARY,ZELLERBACH
ZEROES,ZOO,ZIMMERMAN,ZEROES,ZULUS,ZULU,ZION,ZERO,ZIGZAG
ZIEGLER,ZOOS,ZIMMERMAN,ZEUS,ZEALAND,ZEUS,ZEISS,ZOMBA,ZODIAC
ZOROASTER,ZOOM,ZOOM,ZIONIST,ZIONIST,ZEALOUSLY,ZEROS,ZOOM,ZORN
ZIGGY,ZERO,ZEROTH,ZEROTH,ZOE,ZOOLOGICAL,ZORN,ZIEGLER,ZAIRE
ZIONISTS,ZEALOUSLY,ZEROED,ZURICH,ZEBRA,ZEROTH,ZOOM,ZOOM,ZEST
ZOROASTRIAN,ZOOLOGICALLY,ZEBRA,ZOOM,ZODIAC,ZOROASTER,ZIGGY,ZOOLOGICAL,ZOROASTER
ZOROASTRIAN,ZEAL,ZONED,ZEBRA,ZEUS,ZIONS,ZENITH,ZONAL,ZORN
ZEALOUSLY,ZIONS,ZEISS,ZEROING,ZEROED,ZEFFIRELLI,ZEALOUSLY,ZENITH,ZORN
ZEST,ZONE,ZONAL,ZILLIONS,ZEROING,ZEUS,ZULUS,ZEALAND,ZEROING
ZOOLOGICAL,ZENNIST,ZEROES,ZEROING,ZOOMS,ZIONISTS,ZOOLOGICAL,ZENNIST,ZONAL
ZIGZAG,ZONED,ZIEGFELD,ZIEGFELD,ZACHARY,ZIONISTS,ZONAL,ZULUS,ZEBRAS
ZEAL,ZIONIST,ZERO,ZOOS,ZORN,ZEISS,ZOOLOGICAL,ZILLIONS,ZION
ZOO,ZEALOUSNESS,ZIGZAG,ZOROASTRIAN,ZOMBA,ZAMBIA,ZIGGY,ZEROS,ZOROASTRIAN
ZEUS,ZEN,ZONALLY,ZOROASTER,ZAIRE,ZOOS,ZILLIONS,ZONED,ZEALOUS
ZOROASTRIAN,ZORN,ZANZIBAR,ZIGGY,ZIONISTS,ZONING,ZEST,ZEALOUS,ZILLIONS
ZEBRA,ZAIRE,ZOROASTRIAN,ZEROTH,ZAGREB,ZAIRE,ZOROASTER,ZANZIBAR,ZEROED
ZOOMS,ZEROING,ZOOLOGICALLY,ZONALLY,ZULU,ZEROING,ZAMBIA,ZONALLY,ZONAL
ZULU,ZONALLY,ZERO,ZIGGY,ZIEGLER,ZION,ZERO,ZINC,ZIGGY
ZEBRAS,ZOMBA,ZONE,ZONE,ZOMBA,ZAN,ZURICH,ZEUS,ZOE
ZEROING,ZANZIBAR,ZEUS,ZONE,ZACHARY,ZULUS,ZEISS,ZENNIST,ZEROED
ZIEGFELDS,ZEST,ZOOS,ZEUS,ZIONS,ZIONS,ZULUS,ZOOM,ZACHARY
ZELLERBACH,ZEROED,ZOMBA,ZONES,ZULU,ZAIRE,ZIONIST,ZONAL,ZAMBIA
ZOROASTER,ZENITH,ZENNIST,ZEROED,ZIONIST,ZOOLOGICAL,ZEISS,ZOOS,ZILLIONS
ZEROTH,ZANZIBAR,ZELLERBACH,ZELLERBACH,ZACHARY,ZIEGFELDS,ZEALOUSNESS,ZINC,ZOMBA
ZURICH,ZEAL,ZELLERBACH,ZEROING,ZOROASTRIAN,ZELLERBACH,ZOOLOGICAL,ZOE,ZEBRAS
ZOOMS,ZEROTH,ZILLIONS,ZONALLY,ZENITH,ZOROASTER,ZIEGFELD,ZOROASTER,ZAMBIA
ZAGREB,ZANZIBAR,ZORN,ZACHARY,ZOOM,ZOOM,ZELLERBACH,ZOROASTRIAN,ZEFFIRELLI
ZODIAC,ZEALOUSLY,ZEST,ZEN,ZOROASTER,ZEST,ZEUS,ZACHARY,ZAMBIA
ZIONISM,ZAN,ZEALOUSNESS,ZELLERBACH,ZEALOUS,ZOOLOGICAL,ZEST,ZEROTH,ZIEGLER
ZONE,ZIMMERMAN,ZIGGY,ZEROED,ZAGREB,ZONALLY,ZACHARY,ZURICH,ZEBRAS
ZIEGLER,ZIEGFELD,ZEROES,ZOOM,ZACHARY,ZOO,ZONED,ZOOLOGICALLY,ZIONISM
ZEALAND,ZANZIBAR,ZIEGFELDS,ZAGREB,ZORN,ZONE,ZACHARY,ZOO,ZEROED
ZOO,ZOE,ZOOM,ZOOLOGICAL,ZIGGY,ZOOS,ZORN,ZAN,ZEROTH
ZIGGY,ZONES,ZEROTH,ZONAL,ZAN,ZOMBA,ZOO,ZOOM,ZEALOUSNESS
ZOMBA,ZION,ZEALAND,ZILLIONS,ZEALOUSLY,ZOOMS,ZAMBIA,ZIONS,ZIONIST
ZOOMS,ZIEGFELDS,ZULU,ZEISS,ZOROASTRIAN,ZEALOUS,ZEROED,ZOOMS,ZOO
ZEN,ZOOM,ZOROASTER,ZEROTH,ZAGREB,ZEALOUS,ZIGZAG,ZONING,ZEALAND
ZEALOUSLY,ZOMBA,ZIEGFELDS,ZEAL,ZIGGY,ZAMBIA,ZANZIBAR,ZIEGLER,ZIGGY
ZEALOUS,ZONE,ZOOLOGICAL,ZAIRE,ZOOS,ZONES,ZAN,ZAMBIA,ZELLERBACH
ZOOMS,ZEALOUS,ZIGZAG,ZEFFIRELLI,ZONED,ZORN,ZEISS,ZEALOUSNESS,ZOOMS
ZAIRE,ZOOMS,ZIONS,ZEISS,ZULU,ZEALAND,ZOOLOGICAL,ZOOM,ZOROASTRIAN
ZODIAC,ZULUS,ZURICH,ZEISS,ZONAL,ZEST,ZOOLOGICAL,ZURICH,ZOMBA
ZEROES,ZONING,ZOOLOGICAL,ZIGZAG,ZIEGFELD,ZEROING,ZAN,ZACHARY,ZOOMS
ZOOLOGICAL,ZEAL,ZIONIST,ZOOM,ZONING,ZEROING,ZIONISTS,ZOOLOGICALLY,ZEISS
ZAMBIA,ZIEGFELD,ZIONS,ZEBRAS,ZEALAND,ZEROING,ZEUS,ZERO,ZONAL
