PARSONS,PROPITIOUS,PASTED,PROFILES,POISONOUS,PROLONGS,PROMPTED,PREDEFINITION,PUREST
PARTIALLY,PITHY,PROHIBITED,PORTING,POISONER,PRONUNCIATIONS,PROTAGONIST,PENULTIMATE,POURER
PLANTS,PITILESSLY,PRESUMPTIVE,PERU,PSYCHOBIOLOGY,PREDILECTION,PUT,PUMMEL,PATTERNING
PROFUNDITY,PROSTHETIC,PINNACLE,PROPHECIES,PLOWMAN,POISE,PLACING,PONDER,PERIODIC
PANELED,PIGGYBACKS,PERSEVERING,PORTRAY,PICA,PARTICIPANTS,PEROXIDE,PAUSE,PORTERS
PLAYROOM,PIOUSLY,PAGODA,PAGINATES,PERRY,PONDERS,PANAMANIAN,PASTIME,POTOMAC
PLURALS,PREJUDGED,PLUGS,PURIFY,PET,PRACTICE,PROBATION,POSTCONDITION,PACES
PHOSPHORIC,PERMUTES,PROWLING,PILLS,PREEMINENT,PERSONAL,PROCEDURES,PLAINNESS,PLIES
PARRY,PACED,PATTERINGS,PROPOSITIONS,PINEAPPLES,POURERS,PLAINNESS,PERTURBATIONS,POLIO
PARAGUAYAN,POEMS,POUGHKEEPSIE,POSITIONED,PORK,PRODIGAL,PECKING,PARANOIAC,PREEMINENCE
PLURALITY,PHIL,PISCES,PROMOTING,PURPLE,PRESCRIPTION,PLAYOFF,PONG,PISCATAWAY
PUBLIC,PHILISTINIZE,PENINSULAS,PACIFICATION,PARTRIDGE,PSYCHIATRY,PAUL,PACKERS,PRECIPITATELY
PAYABLE,PUSHING,PROUDLY,POSTPONE,PLUMBING,POPISH,PROPHECY,POLITENESS,POLARITY
PERSONALIZES,POLIO,PROUDER,PRIMER,POVERTY,PEASE,PROGRAMMERS,PRELUDES,PHOTOGRAPH
PADDED,POUT,PLEXIGLAS,PARSLEY,PERFECTING,PERVADING,PROFESSES,PATIENTS,PURGE
PUSS,PERJURY,PIECEWISE,PRATE,PREDILECTION,PERSISTENTLY,PLIABLE,PERSUADERS,PSEUDOFILES
PLANT,PARAMETERIZED,PROCLAMATION,PROMULGATING,PORTMANTEAU,PRUSSIAN,PILLORY,POPPY,PER
PLUNGER,PROSECUTED,PHOENICIA,PASSIVATE,PROWESS,PERFORMS,PARTHENON,POSTDOCTORAL,PATCHY
PREOCCUPY,POULTRY,PRIZERS,PION,PHARMACIST,PAULINIZES,PAST,PEASANTS,PARASOL
PROTECTIVELY,POISON,PRECEDENTS,PROPAGATED,PLEASURES,POSTOPERATIVE,POTTAWATOMIE,PREEMPTIVE,PLAINNESS
PERRY,PERSONIFYING,PROMOTIONAL,PLAYERS,PROBLEMS,PEALED,PREPOSTEROUSLY,PEGBOARD,PROCYON
PARLIAMENTS,PARAMILITARY,PROWLER,PRANCED,PARK,POTTAWATOMIE,PERPETUATION,PROFIT,POISONS
PREACHER,PRAGMATISM,POLICES,PHOTOGRAPHER,PINION,POISED,PERSUADING,PROTECT,PATIO
PROVIDERS,PROVES,PHILOSOPHIZERS,PITCHED,PRESUMES,PRECONDITION,PAYCHECK,PACIFY,POPULARIZED
PREOCCUPIED,POPULARIZE,PARABOLIC,PRESIDENTS,PLANETESIMAL,PLAYWRIGHTS,POSSESSING,PORNOGRAPHIC,PERFUMING
PAGERS,PITTSBURGH,PSYCHOSIS,PANS,PRICED,PROJECTORS,PUNCHER,PROSTITUTE,PREVAILING
PALMYRA,PINTS,POPULARLY,PAYNIZES,PUNCHED,PAGANS,POUCH,PAROCHIAL,PATS
POLYALPHABETIC,PRATE,PRECIPITATENESS,PERMUTING,PROLIFIC,PROCRASTINATES,PRESIDENT,PONTIFIC,PERSONAGE
PELVIS,PLANED,PATHS,PROCRASTINATING,PRINCIPLE,PERSECUTES,PATSIES,PARTS,PIQUE
PERIPHERAL,PEPSI,PURPLEST,PREDETERMINE,PARAFFIN,PARSONS,PROCESSOR,PUTTERING,PERSIANIZES
PREFERRED,PEEP,PROJECTED,POLAROID,PLEBISCITE,PINION,PLAINEST,PLASTIC,PARAMILITARY
PAPPAS,PERMUTES,POINTLESS,POSIT,PERSISTS,PITCHER,POWERFULLY,PENETRABLE,POTASSIUM
PLUG,PAGODA,PLAINEST,PORTICO,PERIOD,POLIO,PREFACING,PANACEAS,PRESSURIZE
PARTY,POSTULATIONS,PANORAMIC,PRIMAL,PRECOCITY,PRECISENESS,PACKAGERS,POSTAGE,PLANELOAD
PITH,PHOTOSENSITIVE,PLODDING,PARITY,PORTENDED,PRESIDENT,PERSONIFYING,PEEKING,POSITIVE
PHARMACIST,PENETRATINGLY,PASSOVER,PARABOLA,PREINITIALIZED,POWER,PATCHING,PROMPTS,PLUNGERS
PROFILING,PRONOUNCEMENT,PLEASANT,PARASITES,PARSI,PSYCHOLOGY,PRESUPPOSE,PEAKED,PINEAPPLES
PISA,PAID,POWELL,PANNED,PUCKER,PETULANT,PRECINCT,PRESENTED,PARKLAND
PARADIGMS,POTBELLY,PLASTIC,PATTY,PRIME,POSSIBILITY,PLATONISM,PIGEONHOLE,POSEIDON
