QUICKEST,QUANTIFYING,QUADRILATERAL,QUARRY,QUARTS,QUEENS,QUAFF,QUASI,QUARRIES
QUIVERS,QUARTERED,QUOTH,QUALIFICATIONS,QUANTUM,QUANTIZES,QUAIL,QUASI,QUESTION
QUOTED,QUOTATION,QUANTIFY,QUESTIONERS,QUELL,QUARTILE,QUENCH,QUICKENING,QUIP
QUAKERIZE,QUANTIFIERS,QUACKED,QUERY,QUICKENED,QUARTER,QUILTS,QUIZ,QUALIFIES
QUICKNESS,QUAKED,QUESTIONNAIRE,QUASI,QUICK,QUADRANTS,QUEZON,QUANTITATIVELY,QUEENSLAND
QUOTIENT,QUOTE,QUIVERS,QUASI,QUACKS,QUALITIES,QUASAR,QUADRATICS,QUARANTINING
QUENCHING,QUADRATICAL,QUIETED,QUILTED,QUARK,QUARTERING,QUAHOG,QUANTITATIVE,QUAKERESS
QUANTIFY,QUIZZICAL,QUILL,QUARANTINE,QUENCHES,QUINT,QUARTERS,QUARRELED,QUAINTLY
QUINCE,QUESTS,QUARTERBACK,QUONSET,QUAHOG,QUAVERS,QUANTIZE,QUESTS,QUART
QUIETS,QUITO,QUAKERIZE,QUICKIE,QUAKERIZATIONS,QUIETS,QUEUEING,QUADRILLION,QUART
QATAR,QUEUES,QUARREL,QUESTIONED,QUESTED,QUINN,QUOTA,QUIBBLE,QUANTITY
QUARANTINING,QUARTERMASTER,QUANTILE,QUALIFYING,QUADRATICALLY,QUIXOTISM,QUENCHES,QUALIFY,QUENCHED
QUELLING,QUARTERLY,QUEERER,QUINTET,QUARTILE,QUARTERING,QUAKE,QUAINTLY,QUEBEC
QUAGMIRES,QUENCHES,QUIVERING,QUALITATIVE,QUALIFY,QUEEREST,QUICHUA,QUASHED,QUAD
QUICKENING,QUADRATURES,QUELLING,QUADRILATERAL,QUARTET,QUITTER,QUALIFIED,QUACKERY,QUADRATICAL
QUADRATICAL,QUINT,QUESTED,QUANTITATIVELY,QUANTITATIVELY,QUESTIONING,QUADRANGULAR,QUARTERING,QUENCH
QUANTITY,QUADRUPLES,QUEZON,QUIBBLE,QUANDARIES,QUIVER,QUADRILLION,QUIXOTE,QUELL
QUARRIES,QUORUM,QUAVER,QUASHING,QUARTERLY,QUIZZICAL,QUESTIONER,QUEUING,QUIET
QUOTATION,QUOTATION,QUIZZICAL,QUIVERS,QUICKLY,QUILT,QUOTAS,QUARTET,QUESTIONERS
QUASAR,QUAKE,QUIETING,QUALM,QUICKLY,QUIVERING,QUITE,QUIETING,QUANTIZES
