SPIRITEDLY,SUFFOCATES,STREW,SPAYED,SUBCULTURE,SCRIBE,SIREN,STERILIZATION,SHASTA
SIAMESE,SCRIPTURE,SANCTIFY,SOIREE,SPATES,SHUTTLE,SEEKING,SEMICONDUCTOR,SWEATER
SLEIGHT,SPOTLESS,SILVERWARE,SAMPLER,SECRETE,SHAPELESS,SACRED,SUFFERINGS,SPEAKABLE
SAILBOAT,SCREENED,SCHEDULERS,SPLENDIDLY,SPIRITUALS,SKIMPED,SERVITUDE,SHOWPIECE,SOUND
SLAVICIZES,SEAFOOD,SOLOVIEV,STEPMOTHER,SWANKY,STACK,SCHEDULES,SARDINE,SHORTCOMINGS
SUPPLIED,SLEEK,SHY,SECRETIONS,STORMING,STEREOTYPE,SYNAPSES,SCENARIO,SUFFERANCE
SINGER,SOCIALIZES,SMARTLY,SCORNED,SEXY,SETTERS,SURMOUNTED,SHRINES,STUNTS
SLOPED,SAVAGING,SPAWN,SURVEY,SUFFICES,SUBCOMPONENTS,SUPERIMPOSING,SORENSON,SPRINKLER
SNORE,STARTLE,SCULPTORS,SITTERS,SEEP,SUMMAND,SWEATING,SECRETION,STABLED
STEUBEN,SANCTIMONIOUS,SENDS,SORROW,SWAYED,SYNCHRONISM,SHYLY,SHEILA,SPECIALISTS
SHREWS,SOFTENED,SPELLING,SHELLED,SIXTH,SUBCOMPONENT,SECONDARIES,STAN,STANCHION
STRATTON,SIGHTED,SEQUENTIALIZE,SUFFOLK,SUMMARIES,STARS,SOLDERED,SUFFICIENTLY,SUCKS
SHILOH,STANDARDLY,SPUDS,SUBSTITUTABILITY,SUPERSCRIPT,SIXTIES,SUCCESSFULLY,STREW,SURGED
SAPIENS,STRIVES,SPIKES,SUBCYCLES,STRICTEST,SOLEMNNESS,SENILE,SIGH,SOMBERLY
SOGGY,SCRUTINY,SHALLOWER,SERF,SEVENS,SOWN,SYNERGY,SCREAMER,SCOFFING
SPA,SEPTEMBER,SLED,SMUTTY,SMOKER,SHORTNESS,SMELLED,SUBSCRIPTED,SHORTENED
SENSITIVITIES,STAGNATE,STEVEDORE,SENDS,SOLUTION,SUBSISTENCE,SCIENCE,SIEGEL,STIFFLY
SAXONIZE,STIFFLY,STEP,SWELLS,SHORTHAND,SILKILY,SUFFER,SHEETING,SATAN
SPRINTER,STATEMENTS,SHARON,STALWARTLY,SEQUENTIALIZE,SERVICED,SAVAGED,SCYLLA,SUFFRAGE
SILLIEST,SOLILOQUY,SYMBOLS,SHINGLE,STILLING,STEEPS,SUPPOSITIONS,SCIENTISTS,SHOPS
SUBSCRIPTION,SKELETONS,SCREECHED,SUPERSEDED,SEASONS,SPOILS,SOPHISTICATION,SNEAKIER,SARATOGA
SEQUENCED,SPRAGUE,SWUNG,SLEEPY,SWIFTEST,SATANIST,SARCASM,SCANDAL,SUSPENSES
SHORTING,SOILS,STUPEFY,SPINDLE,SUPERINTEND,SATE,SOUSA,STANTON,SPEEDY
STEALTH,SHEIK,SEMANTICS,SALVES,STUPIDITIES,SYMBOLIZING,SNAKE,STARLET,SADISM
SEPARATENESS,SHACKS,SPACERS,STOUFFER,SAFER,SHERWOOD,SPANIEL,SMALLNESS,SLEEK
SLICE,SOVIET,SQUIRREL,SCHUYLER,SPEECHLESS,SLIPS,SETTLES,SUPPORTINGLY,SAWED
SENDER,SCAR,SUPPORTIVE,SCHOOLHOUSE,SLENDERER,STAPHYLOCOCCUS,SYNOPSIS,SHOWED,SUPPLIERS
SIKKIM,SEARCHER,SPURIOUS,SHOP,SORES,SCORECARD,SPOOLING,SHRIEKED,SMILED
SITUATE,SUCCESSIVE,SYMMETRIC,SIPHON,SPILT,SHORTEST,SYMPATHIES,SPRAWLING,SOBS
SCHEDULED,SOJOURNER,SHELVING,SAINTED,SONGBOOK,SPIRITUAL,SLIPPAGE,SOFTWARES,SNEEZE
STOPPAGE,SWAGGERING,SATISFACTORY,SEACOAST,STARVES,SLAMMING,SLAUGHTERING,SUBSLOT,SWARTHMORE
SPEARED,STREAMLINES,SUBSCRIPT,STRANGLINGS,SOLICITS,STATEWIDE,SWUNG,SHORTAGE,SIEGEL
SERPENT,SIGHTED,SEGMENTED,SALUTE,SEEKER,SUSPECTS,STODGY,SHIPWRECK,STRONTIUM
SILVERY,SERGEANT,SAFEGUARDED,SCHOLASTICS,STEREOSCOPIC,SINISTER,SCHAPIRO,SHOUT,SUPPORTINGLY
SHELTERS,SOMETIMES,SHENANIGAN,SERVICED,SHELTERS,SCHOOLING,SYLOW,SERIOUSNESS,SERVERS
SWEATSHIRT,STRATIFIES,SHERWOOD,SENIORITY,SPORTIVE,SPEEDBOAT,SEEPAGE,SNARE,SAUCEPANS
SMITHTOWN,STEEPLE,SURGERY,SOMALIS,STAFFING,STEWARDESS,SENTIMENTS,STEPPER,SUPERGROUPS
SCRAPPED,SOCKETS,STANDARDS,SNEERED,SUBCOMPONENTS,SCANDINAVIANS,SCHOOLBOYS,SWEETER,SERGEANT
SPECTATOR,SEETHING,SITUATIONAL,STOCKHOLDER,STILT,SLUMBER,SALARY,STOPPING,SEVENTEEN
SWEETHEART,SUNGLASSES,STONES,SINGLENESS,STENCHES,SURVEYS,STOP,SHIRK,SACREDLY
STRICTNESS,STRAP,STOOD,SEPARATION,STRIKE,SPADED,SUBLAYERS,SPIRITUALS,SHRIEKED
SPRINGIER,SHUTTLECOCK,SNEAKING,SPRINTER,STETHOSCOPE,STIGMATA,SIMONS,SPILL,SCOLDING
SPIDERS,SWEEPSTAKES,SIDEBURNS,STATISTICALLY,SPACING,SNIFFS,SILENCES,SENSIBILITIES,SPOILS
SLIDING,SACK,STUBBLE,SUBSEGMENT,SACK,STIPULATIONS,SILENCERS,SACRILEGIOUS,SITUATIONAL
SHAFER,SINGLEHANDED,STRENGTHENING,SHRINE,SPEEDY,SIDEBAND,SHAM,STUPEFY,STACKS
