ANAGRAMS,ASSIGNEE,ANGLICANS,ASTROPHYSICAL,ALIASED,ADOPTING,ALLEVIATES,AFFLICTING,ADDED
ASSISTANT,ASSAILING,ALSO,ALDRICH,ACHING,ADDUCT,ANGELA,ADMIXES,ALLAYED
ALGOL,ALLEYWAYS,ADVISORS,ACTIVIST,AMENDMENT,AFFECTINGLY,AUTOGRAPHED,AWARE,ACCESSES
ALUMNI,AUDIOLOGY,AMOROUS,ANNUNCIATORS,ANTISERUM,ACCUMULATE,AUDUBON,AFRICANIZES,ASSENTS
ANGULAR,APPROPRIATELY,APPRAISE,ADMINISTERED,AWFULLY,ANGEL,ABOLISHERS,ACTA,ADVERSARY
AGENDA,ADHERERS,AGONIZED,ANNUNCIATORS,AFAR,ACHIEVED,AMARETTO,ACCUMULATING,ARBORS
ANNUALS,ALLOWS,ASSERTIONS,ADDER,AGGRIEVING,AUSPICE,ATAVISTIC,ALLEN,ACQUAINTANCE
ALTERNATED,ADORABLE,ADAMS,ALTRUISTIC,ABSORBING,ANIMATES,ADJUNCT,AGGRAVATED,ANGLO
ALEE,AFRESH,AUTHENTICATE,ASIATICS,ALIENATION,ALLAH,AGREEABLE,ANAPHORIC,AWAKES
ALIMENT,ANSWERERS,AUTOGRAPH,ADDUCTION,ASSENTER,AROMAS,ACCENTUATE,ARISER,ANCESTORS
ACKNOWLEDGER,AVER,ASSISTED,AUDIBLE,AMBULATORY,ARENA,ALUMNA,ALLAN,ASSIMILATING
ATTEMPTED,ALLEGORIC,ALLEGORICAL,ALTER,ANNA,AFGHANISTAN,ANNULUS,AGGRAVATED,AERATORS
ABHORRENT,APRON,ALICIA,APPLICATOR,ACACIA,AIM,AUTUMNS,ASSYRIOLOGY,ACE
AUSTERITY,ACETATE,AXIAL,ALAS,ALSO,AUDIOLOGISTS,ANSWERING,ARCHIVERS,AGITATIONS
AYES,ANTONOVICS,ASSASSINATING,AUTHORSHIP,ANYWAY,ALLIGATORS,ARMENIAN,ATTENTIONAL,AUGUST
ANNUALLY,ADAPTABLE,ANGUS,ACCOMPANIMENTS,ADDRESSERS,APOLOGIZE,AUTHORIZER,ABSOLUTION,ABIDE
AMAZINGLY,ANEMONE,ARCHFOOL,AGAPE,ACOUSTICIAN,ALLITERATION,ATTACHERS,AVOIDERS,ATONE
ABODES,ALVA,AVAILABLY,ABLATIVE,ANTIQUE,ASSUMING,APPLEBY,ANNOTATING,ADHERENT
ASCRIBE,AUDITIONED,APTITUDE,ANVIL,ABRIDGMENT,AMERICANIZERS,ACCELERATORS,APIECE,APPOINTMENTS
ANNOTATIONS,ANTICIPATE,ABSENCE,AUTONAVIGATORS,ANGLICANISM,ARMING,ASSASSINATE,ANOMIC,AUTOBIOGRAPHIES
ABSTRACTLY,ACORNS,ADIRONDACKS,ABDUCTORS,AFFIXES,ABETS,ADVISORY,ASCENDANT,ACTUALS
ARBITER,ALLEGEDLY,ANGLICANIZES,AWAKING,ACIDLY,ABLY,ANAHEIM,AMUSEDLY,ASSEMBLED
ABJECTLY,AESTHETICS,AGGLOMERATED,ADVANTAGES,ACUMEN,ATTESTS,APPEND,AGREE,ABSOLUTENESS
ANCIENTLY,ACCUSTOMED,ABODES,AXONS,ALAR,ANALYTIC,ADAGE,ATTRACTOR,AMASSES
ADDED,ABSTRACTLY,ACADEMICALLY,ANTAGONIZING,AMBER,ASININE,ARACHNIDS,ALICE,ABIDE
ANALYZER,AUTHORITIES,ASTATINE,ADAPTABLE,ALTERATIONS,ARTEMIS,ANGLOPHOBIA,AWKWARD,ARCHBISHOP
AMIGA,ABASEMENTS,ADHERENCE,ADEQUATELY,ALLOY,ALLOCATOR,AVALANCHING,AGGRESSION,AUDIOMETER
AMERICANIZATION,ABOVE,ASCENSIONS,ANNULMENT,ACTION,ARPANET,ANOMIC,ASTONISH,ATTENDS
ABOLISHMENT,AUTOCOLLIMATOR,AEROSOLIZE,ALLEGRETTO,AIRMAIL,ABBOT,ABANDON,AMELIORATE,ATTRIBUTING
ABSINTHE,AMORIST,ANESTHETIZED,ARMCO,AUTOFLUORESCENCE,ADDRESSER,ASTEROID,ACCIDENTS,AMPHIBIOUS
ASPERSION,ADJOURNING,ACTUATE,ACCLIMATIZATION,APPREHENSION,ASCENSIONS,ANNOUNCING,ALLOWS,ALCMENA
ARRAY,ANDORRA,ACKNOWLEDGMENT,AUSTRALIANIZES,AUGHT,ALLOWABLY,ANASTOMOTIC,ABRIDGE,ANTICIPATION
ASSASSINATES,AMERICANIZATION,AUDIOLOGY,ASKANCE,APIECE,AQUEDUCTS,APATHY,ARACHNID,APOLLONIAN
ALLIANCES,ATTEMPTER,ABRAHAM,ALTOGETHER,ARCHEOLOGIST,AUTHENTICATIONS,AUCTION,ALONE,ASSESSED
ASSASSINATE,ALTERNATIVELY,AMBIVALENTLY,APOSTLE,ALL,AMIGO,ATTRACTION,AUDITED,ASSUMES
ANESTHETIC,AMPLIFIERS,ALTERNATELY,AUTOMATED,ADAMSON,ALGA,ABSOLUTES,AUTISM,ANTICOAGULATION
ABNORMALITIES,ASTATINE,ALOE,AFFRONTS,ADDUCES,ARCHLY,ANECDOTES,ADJUDICATE,AVOIDER
ABSTRUSENESS,AUDACIOUSLY,ANAGRAMS,ALLAYING,AVENUE,AVOIDABLY,AUTOINCREMENTS,ACTON,ASTAIRE
ABSTRUSE,ATTAINMENTS,ANCESTOR,ADVISER,APOLOGIST,ALSOP,AFLOAT,AYE,ARGUERS
APPROXIMATION,ATLANTIC,AUXILIARIES,AND,AVERAGE,ACCOMPANIED,ATROPHIED,ATTAINED,ANTONOVICS
ADUMBRATE,ASTOUNDS,ARRIVING,ANNOYANCE,AROMATIC,ACKNOWLEDGEMENT,ATTESTS,ADOPTIONS,ARBOR
ACHIEVED,ADVERTISED,ACCEPTANCES,AMAZEMENT,ADJOURNMENT,ARIANISTS,AUTHORIZER,ANGLICANIZE,AXIOLOGICAL
ASKING,ABSENTMINDED,ACQUIRE,AIRILY,ARTICULATE,ALSATIANS,AMUSERS,AUTHENTICATES,AVARICIOUSLY
AUXILIARY,ANTISEPTIC,ARTISTICALLY,ANTIHISTORICAL,ATTAINING,ARMED,AUTOMATICALLY,ANYTHING,ABETS
AIRFIELD,AWFUL,ALLEY,ASCETICS,ASSUMING,ASCENDS,AUDITING,ANAGRAMS,ANTIQUARIAN
AVOIDING,ARABY,ACCELERATING,ALLEGE,ALYSSA,ADVERSARIES,ASCENDENCY,ALEXANDRINE,ADHERING
ARRESTING,ASUNDER,ASCETICS,ABRIDGED,ABSORPTION,AUTOINCREMENT,AWARDED,ANGELS,ARTICULATORY
ADULTHOOD,AUTOMOTIVE,AYLESBURY,AGONIZE,ABLER,ARCHAICALLY,ACCENT,AGONIES,ANALYZERS
ASTONISHING,ARBITRARILY,ACCELEROMETERS,ANNOYANCE,ADVENTURER,AUTOCRATS,ADDITIONALLY,ADDER,ACCOMPANISTS
APHASIA,AUTHORITARIAN,ABASHING,ARPA,AVERY,APPEARANCE,ACKERMAN,ANGLICAN,ADMISSION
ALLELES,AERODYNAMICS,ADMINISTRABLE,AIRMAIL,APPLIANCE,ARTERIES,ASYMPTOMATICALLY,ABROGATING,ADULTS
ARMCHAIRS,ADJUNCT,ART,ARSINE,ADVISEDLY,ADHERING,ASBESTOS,ACCLIMATE,ACCUMULATORS
ADVENTITIOUS,ALLOWS,ABERRATIONS,ANGERED,AWARD,AMELIORATING,APPLICABLE,AZIMUTH,ASYMPTOTE
ALTERNATIVES,AIRFOILS,ALTARS,ARRANGES,ABNORMAL,APPEARED,ARTICULATIONS,ANGELICA,ANSWER
ABBA,AENEID,APPLYING,ALEXANDRA,ABBY,ARROYOS,AMPHITHEATERS,APPRECIABLE,ALLERGY
ANTIBACTERIAL,AMHERST,ATOMIZING,AUSTRALIANIZES,ASSOCIATIVE,ACAPULCO,ARMENIA,ADVERBS,ACNE
