TIGHT,TIRES,THUNDER,TOWELS,TENDERLY,TRUANT,TECHNIQUE,TROPIC,TESTIMONIES
TURF,TRAVERSING,TERRIFIES,TOTAL,TERMWISE,TAXES,TOLERANCES,THRIFT,TANANARIVE
THATS,TRIVIALITIES,TAXICAB,TIMING,TERMED,TOKEN,TILLERS,TIMEOUTS,TABULATE
THOUGH,TEMPLES,TALKERS,TAUTOLOGY,THIEVES,THROTTLES,THULE,TREASURER,TREATING
TUMBLE,TRICKLES,TRICERATOPS,TREATED,TIMON,TRANSIENCY,TASTEFULLY,TERRORIZES,THRASH
TURING,TRUTHFULNESS,TURNIPS,TYPING,TRACY,TIRESOMENESS,TURNING,TESTIMONIES,TERRITORY
TOASTED,TOUCHABLE,TEMPERS,TOWELING,TRUISMS,TRANSPIRING,TERMS,TRADEMARK,TERRIERS
TELETYPES,TENEX,TINKLES,THESE,TURKEY,TOPPLE,TUCKER,TOOL,TEETH
TRANSPOSITION,TURBULENT,TITHER,TERRACED,TOWARDS,TEMPT,TIDING,THUNDERBOLTS,TABULATION
THEIRS,TROPIC,TROOPS,TORUS,TALENTS,TYPICALLY,TREASURED,TERRIFY,TAME
TRICHINELLA,TANTALIZING,TERM,TELEOLOGY,TAKERS,TRADEMARK,TAXES,TURTLES,TOY
TERMINALS,TREASURING,TRUMPETER,TASTELESSLY,TEMPEST,TAUT,TRILLED,THEORIZE,TEACHING
TANK,TWITTER,TEKTRONIX,TORYIZES,TORTURING,THUNDERERS,TAILING,TWIGS,THRASHER
THROTTLES,TURNED,TUTANKHAMUN,TRUER,TYPIFIED,TEETHE,TURRETS,TILED,TRANSFERRED
TAKERS,TIGRIS,TUTANKHAMEN,TOKYO,TELEGRAPHED,TECHNICALITY,TRANSCENDED,THREESCORE,TRANSACT
TRANSLATED,TEXTRON,THIRST,TRUNCATES,TEARED,TRY,TAXPAYERS,TOLD,TEAMS
TRANSACTION,TILES,TOUGHEN,TERMINATES,TIMESHARE,TELLS,TOLERABLE,TREETOPS,TURBAN
TORY,TELEVISED,TOBAGO,TERRITORIES,TROTSKY,TRANSMITTED,TOMMIE,TAIWANESE,TIMBER
THEODOSIUS,THRIFT,TROJAN,TWENTIES,TRANSMITTER,TUCK,TUNICS,THINKABLY,TRANSISTOR
TRESSES,TIER,TOURISTS,TITLES,TITLES,TERMINATION,TAYLORIZES,TELETEXT,TRAVELING
TELEGRAPHED,THUNDERBOLT,TIT,TARIFFS,TRANSPUTER,TEMPTED,TRAVESTIES,TOGETHERNESS,THOUGHTFUL
TRANSISTORIZED,TENORS,TWANG,TRANSPARENCY,TELETEXT,TAUNTED,TENS,TAILING,TALKER
TATTER,TRAPPED,TIRELESS,TOLERABLY,TRANSFORMERS,TRAITS,THATS,TYRANNOSAURUS,TRACER
TUMULTUOUS,TORUS,TARTLY,THREADED,TACKING,TINIEST,TERRIER,TAP,TRAVELS
TRILATERAL,TELEGRAPHS,TRAGICALLY,TORCHES,TRIGGERS,TALKING,TELLER,TRACTARIANS,TORRANCE
TAMENESS,THOUGHTFULNESS,TANNENBAUM,TRADERS,TENTACLES,TINGED,TANGENT,TRUDY,TRANSCRIPTIONS
TENANTS,TRAVAIL,TONI,TENSING,TEASED,TASS,TREASURY,TOWERS,TWINS
TUNIC,TREETOP,TROUTMAN,TRUDGED,TRASH,TAILORED,TREACHEROUS,TRANSITIVE,TOWEL
TACKING,TIDINESS,TOIL,TALLEYRAND,TABULATIONS,TRAIN,TESTING,TAYLORIZES,TRANSPIRES
TAG,TABLESPOONFUL,TRACEABLE,TECHNICIAN,THUNDERERS,TERMINATIONS,TOLERATE,TRAMPED,TOILER
TIGHTENER,THRIVES,TUTORIALS,TRIANGLE,TEMPERATENESS,TITAN,TUSCALOOSA,TROLL,TERRITORIES
TESTINGS,TOGGLES,TREATMENTS,TRICKLED,TOUCHIER,TIDALLY,TRANSFORMS,TAMELY,TWENTIES
TCHAIKOVSKY,TALLCHIEF,THEOREMS,THERMOSTAT,TONED,THOR,TOTALLY,TENDERNESS,TRUSTWORTHINESS
THROAT,TROPICS,THIRTIETH,TREACHEROUSLY,TALLEYRAND,TWINKLING,TRICKLED,TRANSFER,TURKEYS
TELEVISION,THANKSGIVING,TIMBERS,THOMPSON,THROUGH,TRANSCENDING,TRUNCATIONS,TESTINGS,TRANSGRESSION
TONIGHT,TRANSIT,TAP,THIMBU,TUESDAYS,TWINKLES,TACKLES,THERMAL,TWINKLES
TECHNOLOGICALLY,TABULATES,TRAFFICKED,TIMELESS,TIGHTENER,TUNIS,TRIGGER,TAIPEI,TREASON
TAOS,THEATERS,TWIGS,TAINTED,THEREABOUTS,THUNDERER,TESTABILITY,TRAPS,TAKING
TORN,TRADITION,TECHNICAL,THOSE,TOSSED,TIJUANA,THOUGH,TECHNOLOGICALLY,TELEDYNE
TURBULENTLY,TUTORIAL,TRUES,THRESHOLDS,TAIWANESE,THEN,TELEPHONING,THEREUPON,TUNER
TRILLED,TREACHERY,TRANSITIVELY,TIMID,TREMBLE,TANNER,TALLAHOOSA,TRIGONOMETRIC,TINKER
TORTURED,THRACIAN,TIMONIZES,TRACTABILITY,TRANSFERABLE,TEMPORARY,TOTALS,THUMPING,THERAPISTS
TERRITORIES,TUTORING,TYRANT,TEASES,TOSSES,TRANSITIVENESS,TRANSFERRED,TECHNOLOGISTS,TRANSLATOR
TABLEAUS,TRANSPORTERS,TWINKLING,TICKED,TRUSTS,TREMENDOUS,TARRY,TOPOGRAPHY,TEMPORALLY
