JAVELINS,JON,JESTER,JOANNA,JOHANNA,JIMMIE,JUSTINIAN,JUDAISM,JOLT
JENNIE,JEANNIE,JENNIFER,JACOBSEN,JAMESON,JOLIET,JUBAL,JUKES,JOINING
JOSEPHINE,JUNIORS,JOAQUIN,JOYFUL,JANUARY,JOURNALIZES,JUNCTURES,JOHNS,JEW
JUST,JAYCEE,JUG,JUNO,JASON,JOINING,JONATHANIZATIONS,JENNIE,JAILING
JOURNALIZES,JAUNTS,JAY,JUDGMENTS,JACOBIAN,JOULE,JOHANNA,JAZZ,JENNINGS
JEWELRY,JUNKERS,JACOB,JAUNT,JACKKNIFE,JUNIORS,JUMP,JERK,JOIN
JOBS,JUPITER,JELLY,JOLTING,JOVANOVICH,JAZZY,JOCKEY,JOURNAL,JOYCE
JACOBS,JAKE,JONATHANIZATION,JOKES,JUSTLY,JESUITIZES,JACOBINIZE,JERSEY,JACKY
JOLTING,JAVELIN,JEWELS,JARRED,JOYFUL,JEREMIAH,JEEP,JEWELRIES,JIGS
JIGSAW,JUDGMENTS,JINNY,JUTTING,JUDEA,JUNGIAN,JOKED,JADE,JUSTINE
JEWETT,JUNGIAN,JITTERBUG,JEOPARDIZE,JERSEYS,JAMMED,JAWS,JEW,JUDDERED
JABBED,JOSEPHINE,JERKY,JABBED,JARRINGLY,JACKETS,JACKET,JEW,JAILERS
JACKPOT,JAILS,JEANNE,JOYS,JOINT,JUDD,JOURNALS,JEREMIAH,JESSY
JESUITIZED,JUSTICE,JERES,JEOPARDY,JOURNALISTS,JED,JOURNALIZES,JANSEN,JUSTINE
JESTS,JAMESTOWN,JAUNTS,JOHANSON,JUBAL,JACOBITE,JAILED,JUMBLE,JUNE
JONATHAN,JUMPERS,JAPANIZATION,JUDGED,JURISDICTIONS,JOKING,JURISDICTION,JUSTIFIERS,JUSTINIAN
JAWBONE,JURISDICTIONS,JUXTAPOSES,JUSTIFIABLE,JUSTIFIABLE,JARRINGLY,JOURNALIST,JORDAN,JAUNTY
JUGOSLAVIA,JAYCEES,JIFFY,JOUSTS,JUGGLERS,JUSTIFIER,JOINED,JORGENSEN,JOURNALISTS
JINGLING,JAPANESE,JONQUIL,JOLLA,JEFF,JONAS,JESTER,JERKING,JUGS
JURE,JEWELS,JACKPOT,JORGE,JACKETS,JOVIAN,JAUNTS,JOIN,JUICE
JAVELIN,JOAN,JOVIAL,JOINER,JUDD,JABBED,JOSEPHINE,JUNGLE,JUDEA
JABBED,JUMBLE,JAUNTY,JEW,JACOBITE,JESTED,JOLTS,JOSEF,JULIO
JIFFY,JELLO,JACOBITE,JEERS,JUGOSLAVIA,JEANNE,JAPAN,JEWISHNESS,JUMBO
JUSTICES,JESSIE,JESSICA,JUSTIFIERS,JARRED,JONQUIL,JAPANESE,JUDGING,JIM
JOANNE,JANOS,JUMBO,JORGE,JOHNSTOWN,JUVENILE,JUSTIFYING,JANUS,JAILERS
JUSTIFIER,JOHANN,JANITOR,JOHNSTOWN,JOHANNES,JUDO,JACKPOT,JINGLING,JUSTICES
JORDAN,JEWISH,JANEIRO,JUDGED,JAILS,JUGOSLAVIA,JURAS,JESUIT,JURY
JEFFREY,JOAN,JUGGLERS,JUNCTIONS,JAPANIZATION,JESSE,JAMMING,JOURNEYED,JEFFERSONIANS
JESTED,JEAN,JOHANSEN,JUICIEST,JANITOR,JEWS,JAPAN,JEANNIE,JUDGED
JANUARY,JESUITIZES,JUDDERING,JUGOSLAVIA,JOURNALISTS,JESTER,JUSTIFIED,JUDEA,JAVELIN
JANSEN,JESTING,JOSEPHUS,JEWELRY,JANICE,JUSTNESS,JUNCTURE,JUSTIFYING,JANOS
JASON,JOINTS,JESTED,JULIES,JESUITIZING,JUDEA,JAY,JACKMAN,JEEPS
JARS,JUDICIOUSLY,JERKED,JACOBY,JOUSTS,JARRING,JUSTIFICATIONS,JERKING,JANUS
JERKINESS,JAKE,JETS,JAILING,JEWELLED,JOYS,JORDANIAN,JUNIPER,JUICY
JUICES,JAMES,JOVE,JUT,JETTING,JEWELRIES,JEWS,JURY,JABS
JOUST,JUSTLY,JOANNA,JUNKS,JEOPARDIZING,JUSTIFIER,JEWELL,JARRINGLY,JULES
JAKE,JEOPARDIZING,JESSE,JUDGED,JOHNSTOWN,JEFFERSONIANS,JESSICA,JANSEN,JORDAN
JUBILEE,JUANITA,JUSTIFIABLE,JANSENIST,JERES,JEFFERSON,JELLYFISH,JUMPED,JUDICIARY
JUGGLES,JAILER,JUDAS,JANUARIES,JENNY,JILL,JOURNEYMEN,JAZZ,JARRING
JOSEF,JEOPARDIZE,JETTED,JEREMY,JEWELL,JUSTICES,JOHN,JERRY,JUSTICE
JOURNALIZES,JAUNT,JUNKY,JOUSTS,JINGLED,JOEL,JED,JARVIN,JOURNALIZES
JEWETT,JEWISH,JOGGING,JAILERS,JUDGE,JASON,JUDEA,JUXTAPOSING,JUSTINIAN
JUSTICE,JUSTIFIABLY,JESTED,JAW,JACKING,JINNY,JOSIAH,JERSEYS,JUANITA
JERRY,JOAQUIN,JOURNALIZES,JUNEAU,JUKES,JAMESON,JANSEN,JOSHUA,JULIAN
JOTTING,JUNCTION,JIG,JAYCEE,JARVIN,JOURNALIST,JORGENSEN,JOKE,JUVENILES
JUSTICE,JOHNSTOWN,JUDGING,JOSEPH,JOG,JEWELL,JINGLED,JAUNTS,JUDAISM
JOULE,JACQUES,JUMP,JOULE,JASON,JAMS,JEANNE,JACOBINIZE,JERKS
JOKES,JOINS,JUSTIFIERS,JERSEY,JORGENSEN,JUSTIFIER,JOKING,JOHANSEN,JEST
JAYCEE,JEFFERSON,JAVANESE,JEOPARDIZING,JUNG,JAR,JOSTLED,JASTROW,JACOBUS
JULIUS,JUMBLES,JUDGING,JAKARTA,JAB,JEALOUS,JOCKSTRAP,JITTER,JUMBLES
