GROVES,GLINT,GENTLEMAN,GRANDER,GLOWED,GLEAMED,GREENTREE,GROVERS,GLORY
GINGERLY,GREENEST,GANDHI,GLITTER,GAUGES,GARTH,GROUNDS,GHETTO,GASSINGS
GULLY,GROCERS,GABERONES,GREENS,GULP,GRISLY,GLAND,GASES,GIST
GRIM,GERMINATED,GADGET,GAWK,GRANDSON,GERUND,GIRLS,GENOA,GIBRALTAR
GRANDMOTHERS,GULPS,GROWL,GLADDEN,GUT,GIVE,GLEAN,GRANDMOTHER,GAMELY
GRADY,GIPSIES,GRATIFY,GRACEFULLY,GIBBS,GUITARS,GRIPES,GRIMES,GRADUALLY
GYPSIES,GRATUITIES,GUAM,GAB,GAP,GREAT,GRIND,GUHLEMAN,GRINNING
GIMMICKS,GANDHIAN,GARFIELD,GEMMA,GUNPLAY,GUTTERS,GLUTTON,GENTLEMANLY,GRIEVER
GREENBERG,GLINT,GOURD,GLAMOUR,GRAVEST,GOAT,GENESIS,GALACTIC,GWYN
GRANULATE,GENTLE,GIGAVOLT,GYROSCOPE,GIRLS,GUSHING,GARDEN,GELD,GAUNT
GUSTS,GRANDEUR,GRAFTED,GRUBS,GALATIA,GAINERS,GENESCO,GARRY,GRASPED
GRIEVOUSLY,GABRIEL,GOVERN,GALLOWAY,GALLS,GUYERS,GAINFUL,GENERALIZE,GRANVILLE
GALWAY,GASH,GARGLES,GERMANS,GENEVIEVE,GRABBING,GNOMON,GRADIENTS,GRIDIRON
GORILLAS,GRANTOR,GASP,GAVE,GROTESQUELY,GLEANER,GIGABIT,GLASWEGIAN,GALVESTON
GENTLER,GRIDIRON,GRACED,GUMS,GOBBLER,GRIMALDI,GIBBONS,GLASWEGIAN,GROWS
GERUND,GLOVED,GHANA,GALLOPS,GOTHICIZE,GODDARD,GUNDERSON,GEMS,GARTERS
GELLED,GUESSES,GAMED,GUARANTEED,GOWNS,GRINDS,GUILTLESS,GHANIAN,GANGSTERS
GOUDA,GREEDILY,GREATEST,GLADE,GRADUALLY,GENTRY,GUHLEMAN,GOLDA,GRIEVANCE
GYMNASTS,GRATE,GRAIL,GLIDES,GNAWING,GOLDWATER,GLORIFICATION,GELS,GLACIAL
GEMS,GRAFT,GAIETY,GRIEVE,GRABBINGS,GUBERNATORIAL,GENTLEST,GENIE,GRATIFICATION
GRAB,GILDS,GASPEE,GLOAT,GIDDY,GROUNDS,GENTLEWOMAN,GOTTFRIED,GEARY
GODSEND,GRIEVOUSLY,GRASSY,GRASPED,GLANDULAR,GRAVELY,GULCH,GETTYSBURG,GAELICIZE
GODDESSES,GALLUP,GARDEN,GRANTER,GREW,GUIDING,GAYER,GROSVENOR,GRANULATES
GOUGED,GUJARAT,GARTH,GUNPOWDER,GNOMON,GREENWICH,GRANGE,GUARD,GLAMOROUS
GALL,GALWAY,GENERATION,GLORIFICATION,GOD,GOLDENROD,GENERALITY,GARNETT,GAUGE
GURU,GESTURED,GULLIES,GREATEST,GROUNDERS,GRACIOUSNESS,GIN,GUILD,GENERATIVE
GOA,GLAZES,GUTS,GRAFTER,GHOSTED,GLOOM,GLOOMILY,GEISHA,GILT
GULL,GATSBY,GODWIN,GAELICIZATIONS,GLITTER,GALLANT,GORGING,GENERATE,GUST
GRAVEL,GUTTERS,GUNSHOT,GEMINI,GRINDS,GRENDEL,GRANDPA,GREEN,GREETINGS
GOSPEL,GROVEL,GRIST,GAPS,GABRIELLE,GROCERY,GALLANT,GLEANS,GAUL
GERMAN,GAMENESS,GROVER,GROSSNESS,GOODWIN,GETS,GOUGE,GLOWINGLY,GOODWILL
GODZILLA,GRAVITATE,GRANDFATHER,GRADUALLY,GERMS,GRECIAN,GRAFTING,GLINTED,GOBLETS
GASOLINE,GROOMS,GAS,GRAIN,GAIETIES,GERHARD,GALLED,GUNTHER,GUHLEMAN
GARDENS,GRANULATES,GUISE,GLORIANA,GANGS,GENUINE,GAUNT,GENERALITIES,GRAFTS
GREATLY,GRIEVOUS,GRAFF,GOETHE,GARBAGE,GUMPTION,GUTS,GULCH,GAULS
GLOVED,GODLY,GUNPOWDER,GNATS,GOBBLED,GRATUITOUSNESS,GRABBED,GATHER,GAMBOL
GIGABIT,GAIL,GRAZE,GRAMMARIAN,GOODE,GUERRILLAS,GLIDED,GRANDMOTHER,GASPED
GRAFTING,GREENNESS,GHENT,GRAVITATE,GRABBINGS,GRAVEL,GURKHA,GAMBIT,GLADDEST
GLOVED,GRILLS,GUTTURAL,GILLS,GULCHES,GASSED,GENERALIST,GORTON,GAINING
GINGHAM,GIOCONDA,GOBLET,GLANCING,GROTESQUELY,GLAZING,GLAZING,GRANDPARENT,GOWNS
GHOSTED,GRECIANIZES,GAUNTLEY,GULFS,GROSSLY,GRANDMOTHERS,GRIEVOUS,GEIGER,GAUZE
GARFUNKEL,GLIDES,GAUNTLEY,GOUCHER,GERSHWINS,GROANED,GRATINGS,GARNETT,GATLINBURG
GOUGE,GOODE,GAMBLERS,GLAD,GALAPAGOS,GRANDMA,GAMES,GREGG,GLAZE
GUTSY,GREENE,GIGGLES,GNAWED,GODDESS,GYMNASTIC,GLORIFY,GROUPINGS,GRAM
GASSED,GLASS,GASTROINTESTINAL,GRIEVANCE,GLADDEN,GOTHIC,GATHERING,GLEANS,GOLDSTINE
GLOSSARY,GRASPABLE,GRANGE,GYMNASIUMS,GAINED,GAINESVILLE,GORKY,GATEWAY,GEOFF
GAUGE,GLEAM,GYPSIES,GRATUITOUSLY,GYRO,GROTON,GILEAD,GAGGING,GRADED
GAUGES,GRAPE,GIMMICKS,GLUING,GAELICIZATIONS,GASPED,GUITAR,GALILEE,GEOMETRIC
GUARDHOUSE,GENERAL,GANGES,GREETING,GAMBLER,GAZE,GOAD,GHOSTED,GRACIOUSNESS
GRADED,GADGETS,GRAINS,GUTSY,GORILLA,GYMNASTS,GRANDSTAND,GINGER,GONZALEZ
GUILTY,GRAVESTONE,GALLON,GLAMOUR,GELATINOUS,GELATINOUS,GURKHA,GATOR,GARY
GENIUSES,GREER,GENDER,GESTURE,GODMOTHERS,GAPING,GRUB,GRAFTON,GUILTINESS
GRAMS,GRESHAM,GNU,GAYLY,GAINESVILLE,GERMAN,GREATNESS,GATING,GARCIA
GONE,GUARDHOUSE,GAGGED,GRUDGES,GOODY,GUNMEN,GRIPE,GIMMICKS,GIORGIO
GERUND,GNAWING,GREENERY,GLANCED,GRABBERS,GENUS,GAINFUL,GROAN,GANGRENE
GRANTING,GRIM,GALLERY,GRANARIES,GRADING,GERHARDT,GREG,GEESE,GOT
GOTO,GWYN,GUNS,GILD,GROUNDERS,GUILE,GARNETT,GABRIEL,GUMPTION
GIDDY,GRADUATIONS,GUIDED,GIBRALTAR,GREG,GLIDE,GAINES,GUNPOWDER,GATHERER
GOVERNOR,GIRAFFE,GENUINENESS,GRETA,GEOFFREY,GAY,GAYNOR,GULCH,GROOM
GIGGLING,GOODE,GREASED,GREENERY,GROANING,GONDOLA,GREENHOUSE,GAUGUIN,GLASGOW
GELATIN,GREYHOUND,GRANDCHILD,GRADUATED,GANGSTERS,GYRO,GIN,GRIEVINGLY,GOINGS
GROVE,GURU,GALLING,GILES,GUHLEMAN,GUESSED,GROWERS,GLIDER,GARIBALDI
GRUFFLY,GONZALEZ,GODSEND,GIORGIO,GROVES,GLADDER,GUIDES,GUILDERS,GRAINED
GRATINGS,GRINNING,GROSSMAN,GADFLY,GAITERS,GALILEE,GIMMICKS,GROANING,GYPSIES
GENIUSES,GRENVILLE,GRANULARITY,GENERATIONS,GROWLING,GUTHRIE,GRITTY,GIORGIO,GATHERS
GRIMED,GALLANT,GEORGE,GENIAL,GORGE,GARDENERS,GUNNAR,GIVER,GARDNER
GLEAMING,GUJARATI,GOGGLES,GABERONES,GRAIN,GIFTS,GLADYS,GRATIFYING,GRAFTS
GUELPH,GONER,GIL,GAZED,GOURMET,GLACIER,GRASSY,GADGETS,GUSTAVUS
GHASTLY,GLAMOR,GUJARAT,GOLDA,GUARANTY,GREENVILLE,GROPE,GOLDSTEIN,GLOSSED
GLOVER,GRINDER,GARRISONED,GRINS,GALAHAD,GOVERNMENTS,GUM,GROCERS,GNAT
GREET,GIBRALTAR,GUILE,GRENDEL,GRUNTS,GRASSES,GAINES,GUYED,GUNNERS
GREEKIZES,GIGAWATT,GAZETTE,GRASSY,GARBLED,GROANED,GAINERS,GIUSEPPE,GRAVER
GARLAND,GRACE,GIBRALTAR,GOLFING,GUYING,GRACEFUL,GIBBONS,GIRAFFES,GAB
GROOT,GREENEST,GUSTAVE,GERBER,GNAT,GRAVENESS,GAYETY,GENERALISTS,GIBSON
GOA,GOOFS,GOLDENLY,GERMINATION,GASPED,GRADATION,GILEAD,GALWAY,GLOSS
GLANCING,GRAVEST,GAUNTLEY,GERMANIC,GROWNUPS,GENERIC,GAITHERSBURG,GLIMMERS,GILL
GRACEFUL,GOTHICIZING,GRATER,GONDOLA,GARAGE,GENEROUS,GABBING,GROVEL,GARAGED
GREEKIZE,GRATEFULNESS,GALLAGHER,GREGARIOUS,GIVE,GHOST,GRINDSTONE,GIVES,GIRLS
GOTO,GERMINAL,GIST,GOVERNMENTAL,GLISTENING,GEARED,GRADUALLY,GLANDULAR,GUTSY
GEOMETRIES,GRABBINGS,GOSSIPING,GRIPPED,GARY,GREENVILLE,GOWN,GRANOLA,GALATIA
GREETS,GLOWINGLY,GAIT,GUTENBERG,GLAZING,GOLDSMITH,GLASSED,GEOSYNCHRONOUS,GRAMMATIC
GRAPPLING,GIDDINGS,GLASSES,GHOSTS,GLADSTONE,GAD,GLADE,GRAPPLING,GRIM
GROWS,GILT,GUIDED,GRADIENTS,GIRAFFE,GRINDS,GUMPTION,GROWNUP,GYROCOMPASS
GRAVITATE,GRIMALDI,GRAZED,GLAMOUR,GRUMBLED,GODHEAD,GEOGRAPHICALLY,GARLIC,GREENVILLE
GLEASON,GANGPLANK,GAILY,GENERATE,GOUGED,GOTHAM,GENETICALLY,GRATUITOUSLY,GWEN
GIORGIO,GATEWAYS,GLADLY,GEMINID,GRAPHICALLY,GRAVEN,GLAZE,GRIDDLE,GRUDGINGLY
GASEOUS,GREGARIOUS,GRANDNEPHEW,GOLDMAN,GLUED,GROWL,GRADIENTS,GOSPELS,GARBAGE
GRITTY,GULLY,GAMBOL,GALAHAD,GORILLAS,GEYSER,GNAW,GATSBY,GENDER
GRIEVANCES,GRACES,GAITHERSBURG,GREGARIOUS,GRESHAM,GOTHICIZED,GIBSON,GROSSES,GRUNTS
GUSTY,GENTLEMEN,GLASGOW,GRINNING,GULLED,GYMNASIUMS,GRINDER,GLOWER,GROCERIES
GRANGE,GOWNS,GERALDINE,GLADE,GAMBLERS,GALLONS,GUARDIANSHIP,GRASS,GUYER
