YARDS,YARMOUTH,YOUNGEST,YARNS,YANKS,YOUTHES,YEARNINGS,YEAS,YOURSELF
YOKOHAMA,YOUNGER,YARMOUTH,YUGOSLAVIA,YORICK,YOKES,YOUNGER,YOU,YEARS
YEARNED,YELLOWEST,YIELDING,YARMOUTH,YAUNDE,YANK,YARDS,YELLOWED,YEAST
YELLOWEST,YEARLY,YANKS,YOKES,YESTERDAY,YEARNING,YATES,YARDSTICK,YOKES
YUGOSLAVIA,YANK,YAWN,YODER,YATES,YOUTHES,YOKOHAMA,YELPS,YANKING
YOUTHFUL,YONDER,YELLER,YIELDING,YORKTOWN,YELLOWKNIFE,YIELD,YOUTHES,YOURSELVES
YARDSTICKS,YARN,YAOUNDE,YAOUNDE,YOUTHFULLY,YOST,YIELDING,YEATS,YOKOHAMA
YOUNGSTERS,YALTA,YAOUNDE,YONKERS,YORK,YORKERS,YAUNDE,YEOMEN,YOKUTS
YELLOWNESS,YALE,YEATS,YOUTHFULNESS,YANK,YORKERS,YARD,YOURSELVES,YELLOWEST
YEAST,YANKS,YORKER,YOUNGSTOWN,YARDS,YELLOWED,YANKED,YOUNGLY,YARMOUTH
YELLOWEST,YOUNGSTER,YALIES,YARNS,YEARN,YAGI,YAUNDE,YARDS,YONKERS
YOURSELVES,YUBA,YEATS,YUCATAN,YARNS,YEAGER,YANKTON,YALTA,YET
YUGOSLAV,YEAR,YEARNING,YELLOWS,YORKER,YELLING,YENTL,YUGOSLAVIAN,YPSILANTI
YOUNGLY,YEATS,YORKSHIRE,YAUNDE,YAOUNDE,YPSILANTI,YVES,YARNS,YEAST
YORKERS,YEARN,YAQUI,YAGI,YORKTOWN,YEOMAN,YOUTHFULNESS,YES,YEAGER
YEARLY,YOKES,YELLOWS,YELLING,YOKUTS,YANKED,YIELDED,YIELDED,YIDDISH
YEOMEN,YELLOWNESS,YES,YARDSTICK,YOKNAPATAWPHA,YATES,YUH,YOKNAPATAWPHA,YVES
YARDSTICK,YARD,YORKER,YORICK,YELLOW,YOURSELVES,YUGOSLAVIANS,YESTERDAY,YEA
YESTERDAY,YOSEMITE,YELL,YEARNED,YUKI,YUBA,YUKON,YELPS,YELLOWISH
YAOUNDE,YEARLY,YUGOSLAV,YEOMAN,YUGOSLAVIAN,YAWNING,YEARN,YEAST,YANKING
YOKNAPATAWPHA,YELLOWED,YORKSHIRE,YEARN,YUGOSLAVIANS,YURI,YUBA,YEASTS,YANKED
YALIES,YELLOWS,YUGOSLAV,YANKED,YVES,YELL,YATES,YANK,YOURSELF
YAWNER,YAWN,YARNS,YOST,YET,YVES,YELLOWKNIFE,YELLED,YEATS
YURI,YOKNAPATAWPHA,YIELD,YENTL,YORICK,YAWNING,YALE,YELLOWISH,YELLED
YOU,YARDS,YON,YVETTE,YANKS,YUBA,YOKES,YONKERS,YAOUNDE
YUGOSLAVIA,YORK,YOUTH,YOUTHES,YON,YELLOWNESS,YAQUI,YIELDED,YOUR
YANKED,YAUNDE,YOUR,YARDSTICK,YORICK,YIDDISH,YOKUTS,YIDDISH,YIELD
YELPS,YELPED,YARMOUTH,YELL,YELLOWS,YELLOWS,YANKING,YOUNGER,YOKES
YIELDS,YARD,YANKEE,YESTERDAYS,YAGI,YEAS,YELL,YARMOUTH,YATES
YUGOSLAVIAN,YORKER,YAWNER,YAWN,YANKTON,YATES,YOUNGER,YALTA,YIDDISH
YEASTS,YPSILANTI,YOUNGSTER,YANKING,YOUNGER,YELLOWSTONE,YELP,YALE,YEA
YEARN,YVETTE,YANKEE,YAMAHA,YEATS,YOST,YORK,YELL,YIELD
YIELDS,YORKSHIRE,YUGOSLAVIA,YORKERS,YIELDED,YOST,YARN,YUGOSLAVIAN,YOURSELVES
YEARN,YUKI,YESTERDAYS,YPSILANTI,YENTL,YAWNING,YANKS,YEAST,YERKES
YORKERS,YANKEES,YORKSHIRE,YUH,YEAGER,YUKI,YELLED,YOUTHFULLY,YELLER
YAWNER,YEATS,YOUNGER,YEA,YERKES,YELLOWS,YIELDED,YORKER,YUH
YUH,YALTA,YOKUTS,YEA,YUGOSLAVIAN,YEARNED,YOURS,YELLING,YARN
YOKNAPATAWPHA,YELLED,YEATS,YUGOSLAVIA,YEAR,YOKNAPATAWPHA,YALIES,YONDER,YOUTHFUL
