NOTIFY,NORTHEASTERN,NOTABLY,NERVOUS,NEEDFUL,NASTIEST,NICKNAME,NUTRITION,NEWCASTLE
NANOPROGRAM,NOXIOUS,NAPKIN,NUTRITION,NONCONSERVATIVE,NEUTRINOS,NOVICE,NAKOMA,NEWBURYPORT
NOBLER,NUTRIENT,NATIONALLY,NORMAN,NEGATIVE,NEWCOMERS,NOEL,NUMBED,NATIVITY
NATIONALIZED,NONDETERMINISM,NOODLE,NUTS,NICER,NATCHEZ,NUCLIDE,NATIVES,NONZERO
NORTON,NOISES,NOTIONS,NAGS,NGUYEN,NUMISMATIC,NAVEL,NANOPROGRAMMING,NETTING
NORMALIZE,NURSING,NOTARIZES,NECESSITATED,NONSENSICAL,NONINTERFERENCE,NOONS,NIGHTINGALES,NEAR
NIELSEN,NUMERABLE,NONPERSISTENT,NOVELTIES,NICOTINE,NICHE,NESTLING,NIJINSKY,NUN
NICE,NONUNIFORM,NUN,NEGATING,NONDECREASING,NONTERMINATION,NESTED,NARBONNE,NICKED
NONPROCEDURAL,NEVA,NOISE,NAVIGABLE,NATURALS,NEXT,NATIONALIST,NEWARK,NABLA
NICKNAME,NEGATORS,NATIONALITY,NOT,NODE,NONORTHOGONAL,NASTY,NOONTIME,NESTER
NEGATIVES,NONPERISHABLE,NUMERAL,NURTURING,NEGOTIATE,NICOTINE,NABLAS,NEVA,NICODEMUS
NOBLENESS,NANOINSTRUCTION,NYLON,NETS,NAILED,NOTRE,NORMA,NANKING,NULLIFIED
NUTATE,NUTRITIOUS,NAGASAKI,NOISES,NOVEMBERS,NUMERICALLY,NEWLY,NEVADA,NOVEMBERS
NANOSTORES,NIPPONIZE,NIGER,NARROWS,NONNEGATIVE,NONEMPTY,NULLS,NEUROSIS,NEITHER
NOUAKCHOTT,NATIONALIZED,NIGHT,NUCLEOTIDE,NORRISTOWN,NEUROTIC,NEW,NESTOR,NOONTIDE
NOMINATE,NEUTRALITY,NATAL,NIGHTMARE,NORMA,NICKNAMED,NEHRU,NUMEROUS,NUGENT
NESTER,NINETEEN,NONTERMINATING,NONCOMMERCIAL,NEUROLOGISTS,NATIONALIZED,NOZZLE,NEWMANIZE,NICKLAUS
NOBLER,NIKOLAI,NUMERIC,NOTEBOOK,NUMBNESS,NAUSEA,NEBULOUS,NASTIER,NUCLEUS
NONINTERFERENCE,NARROW,NATIONALIZES,NIKKO,NATOS,NONCONSECUTIVELY,NEBUCHADNEZZAR,NEGLIGIBLE,NEARNESS
NONPROCEDURAL,NONNEGATIVE,NOUNS,NEGATION,NUCLIDE,NARCOTICS,NOTHINGNESS,NEURAL,NAMELESSLY
NAUR,NEARING,NATHAN,NONPROFIT,NEGOTIATE,NONCE,NORMALITY,NINTH,NUCLEI
