ECLIPSE,ENSNARING,ELICITING,ENDING,EXPORTED,ELOPE,EFFICACY,EXPELLED,ENDEARS
EMPLOYING,EASTMAN,ENDEARS,ELABORATE,EUGENE,EDISON,EXACTED,EMPLOYMENTS,EXHAUSTED
ERLENMEYERS,EXPLICITLY,ENGLISHIZES,ENGAGED,EXTINGUISHER,ELECTRONICALLY,EMULATION,ECOLE,EXPRESSES
ELEVATES,ENGAGEMENT,EMPTY,ENNUI,ELIMINATE,ENERGETIC,EPISTEMOLOGY,ERASABLE,ETHAN
EARDRUM,EVEREST,ELECTROENCEPHALOGRAPHY,EQUIVOCALLY,ENGAGE,EXACERBATIONS,ENCOURAGEMENTS,EYELID,EXPENSE
EGYPTIANIZATIONS,EXTRACT,EXCHANGE,ENCASED,EROSION,EXPOSING,EXHAUSTIVELY,EXPECTED,EXERTION
EXERCISED,EXISTENTIALISM,ELECTRODES,EXPLORER,ESOTERIC,EQUILIBRIA,EXEMPLAR,EXTROVERT,ELECTIVES
EXHIBITING,ENSIGNS,EATINGS,EXCUSABLE,ELECTROENCEPHALOGRAPH,EUNICE,ENDLESSLY,EXAGGERATES,ENJOYMENT
EITHER,EXITED,ELECTROPHORUS,EXPANDS,EVIL,ENCIPHERING,ENCYCLOPEDIAS,ELI,ELEGANTLY
ELOPE,EXEMPTING,EXCEED,EXCLAIMERS,EXTRAVAGANCE,EXISTING,EXECUTIONER,EXPLOITABLE,EXTREMES
ENCUMBER,EVENTUAL,EXTREMAL,ELIZABETH,EIRE,EXCRETE,ELITE,EMPIRICAL,EMBEDDING
ENVELOPED,EJECTED,EXEMPTED,EXTORT,ERRAND,ELECTROCUTES,EQUALIZED,ELECTRICALNESS,EXASPERATES
EYESIGHT,EMPTINESS,EDMONDS,ELITIST,ELECTRICITY,ELABORATIONS,EASTHAMPTON,EMPIRE,EXCEPTS
EXECUTIVE,ELEVENTH,EMBRACED,EDUARDO,ECLIPSES,EXEMPTS,EMANCIPATE,EMBELLISHING,ELUCIDATED
EMOTIONAL,EXTEMPORANEOUS,EXTRACTOR,ENCOURAGED,EGYPTIANIZATION,ELINOR,ESSAY,ENERGIES,ESSAYED
ENGELS,ELISHA,ENCAPSULATES,EXACTING,EARED,EXAGGERATING,EXCEED,EMBARK,EDGAR
EXTENT,EXODUS,EXASPERATE,ELIMINATOR,EKSTROM,EMERGING,ENTRANCED,EPISCOPALIANIZES,EXTRA
ENUMERABLE,EVICTIONS,ECCENTRICITY,ENABLER,EXACERBATES,ELEVATOR,EVENTUALLY,EARTHLY,ELICITED
EXPIRATIONS,ENCUMBERS,ENCUMBER,EXTRINSIC,EMMANUEL,EDUCATING,EXETER,EXCLUSIONS,EARSPLITTING
ELLIPSES,EUPHORIC,EXISTENTIALLY,EXPERTS,ERECT,EXTRAPOLATE,EXCHANGEABLE,ENHANCES,ENCIPHERING
ESTIMATE,ENGROSS,EXPLAINER,ENGAGED,ENMITY,ESCALATE,EXPEDIENCY,ENCRUST,EMITTER
EXTERMINATING,ELDEST,ENTERPRISES,ELICITING,EQUIVOCALLY,ENVELOPE,EIGHTIES,EFFICIENCY,EVIDENTLY
EXCAVATES,ERASE,EQUIVOCAL,ENTERTAININGLY,ENTIRE,EXAMINING,EUROPEANIZED,EXODUS,EUROPEAN
ERIKSON,EARMARK,EELGRASS,ENJOYING,ENLARGE,EXCOMMUNICATING,ELECTRICAL,EPITOMIZED,ENCHANTMENT
EXPERIMENTED,EXPONENTIALS,EMACIATE,EXECUTIONER,EDITORIALLY,ENFORCERS,EQUALED,ELEVATION,ELECTION
EXTREMAL,EATS,ESTIMATIONS,EDITH,EJACULATES,ENJOINING,EERILY,EXPRESSIVELY,EFFECTING
ELIGIBLE,EURASIAN,EMANCIPATE,EXPLOSIONS,EMBRACING,ELEMENT,EXCRETES,ERADICATE,ENDOW
ELIOT,EXPERT,EVENSEN,EQUIDISTANT,EXTREMITY,EMBELLISHMENTS,EXPONENTIAL,EXAMINES,EURASIA
EXIT,ENSURE,EXAMPLES,ELEPHANT,EXERCISED,ENCHANTS,ENFORCED,ENSEMBLES,EMMA
EPISCOPALIANIZE,ERMINES,EXCITINGLY,EXETER,EXPELLING,EPISODES,EGOCENTRIC,EXPLAINED,EXPERIMENT
ELIMINATE,ENEMAS,EMBARGOES,ENNUI,ELECTRIFYING,EQUILATERAL,EVALUATIVE,EDISON,ENVIED
EQUALIZES,ELEMENTS,ERUPTION,EVENINGS,EIGENVALUES,ELUCIDATE,EXPOSITION,ESCAPE,ENCIPHER
EXAMINES,EXEMPLIFY,EUTERPE,ERNST,EFFORTS,EMPLOYED,EMIGRATE,ELECTROMECHANICAL,ENSURERS
EJACULATIONS,EVALUATED,EFFIGY,EXPEDITION,ENDURABLY,ERRONEOUSLY,EROTIC,EXEMPLARY,ESCORTED
EYEGLASS,EXEMPTED,ERECTING,EVENINGS,ECONOMIZING,EMPIRICAL,ERMINE,EXECUTES,EDWARDS
EURASIA,ERASES,ELLIOTT,EAST,EXECUTED,ECCLESIASTICAL,EGO,EXCUSES,ELIJAH
EMERSON,EVENTUALITIES,ENTRUST,ENGENDER,EXPLORERS,EXPOUNDED,ELIZABETHANIZES,EXPIRATION,EIGHTFOLD
EMPLOYING,EMERGENCY,ESPOUSES,ELECTROCARDIOGRAPH,ELEMENTARY,EFFECTED,EUPHRATES,ELSIE,EATINGS
ELASTICALLY,EXCHANGING,EXCAVATED,EXUBERANCE,ENSURER,EXECUTIONS,ERRATIC,EXULTATION,EXPLANATIONS
EURIPIDES,EVIDENTLY,EARMARKINGS,EUROPEANIZATION,EUPHORIA,ESPOUSED,ENSURING,ELEPHANT,EXTENUATED
EDGAR,EMERALDS,EXCISE,EXCRETE,ENTHUSIASM,ERWIN,EYEGLASSES,EPICS,EXACTED
EELGRASS,EMPTIEST,EUTHANASIA,ESPRIT,EJACULATION,ENJOYABLY,EDWARDINE,EMBODIMENTS,EXPECTEDLY
EXPRESSIVELY,EXCEED,EMPLOYED,ENCOMPASSES,ERRONEOUSNESS,EMBRACE,EMPOWERED,ENGAGE,EQUIDISTANT
EXTENUATION,EMANATING,ELIGIBILITY,ENDOWMENTS,ENTRANCED,ENTAILS,EVAPORATION,ELLIPTICALLY,EMPHASIZE
ELITIST,ENVIRONS,ELLIPTICAL,EFFORTLESSNESS,ERASED,EXAMINES,EXTINCT,EXPOUNDING,ERNIE
EXACTION,EXQUISITELY,ENCRYPTIONS,ERECTION,EMBARRASSED,EXACTIONS,EDGES,ENCOMPASSES,EXPENDITURES
EMERSON,EBBS,EXPRESSED,ENUMERABLE,EARNEST,EASTER,EXCUSES,ENGROSSED,ESQUIRE
EXACERBATES,ESTHER,ELEVATES,EMOTIONALLY,ENTIRETY,ENCLOSES,ENTERPRISES,EXECUTORS,ESTIMATION
ESSENCE,ENDEAVORS,EVALUATIONS,EXTREMAL,ENGAGEMENTS,EXPERIMENTALLY,EXTENSIBLE,EAGERNESS,EFFORT
EXPRESSIBILITY,ELIZABETHANS,EISENHOWER,EXPLAINER,ENTITLES,EXTINGUISH,EHRLICH,EXHILARATE,ENVOYS
ENGAGE,EXAMINE,EMPHASIS,EXACTLY,EVERGREEN,ELLIOT,EXQUISITE,EJACULATIONS,EXCELLENTLY
ELDER,ELECTRO,ECHO,ECONOMIC,ETERNAL,ESCHEWS,ELAPSING,EXCURSIONS,EXTORTION
ENVELOPED,EMERGENCE,EUCLID,EXAMINER,ENCRYPTS,ENACTED,ESSEX,ENLIVENS,ENLISTED
EMOTIONALLY,EFFECTUATE,EQUILIBRIUMS,EQUATED,EXPOSERS,ELECTRODES,ELECTRON,ELECTROMAGNETIC,EMBEDDING
EMANATE,ENUNCIATION,EVICT,ENDLESSNESS,ERMINE,EMERGING,EXTINGUISHER,EXCELLENCE,EARMARKS
EARMARKED,ELECTRICAL,ELUDED,EXAGGERATION,ENCUMBER,EXTREMIST,EXPLOITING,EQUIPOISE,EQUATORS
EARTHLING,ELSINORE,ECLECTIC,ENDOW,EAVESDROPPING,EXACTINGLY,EXTENSIONS,ELECTOR,EMPTY
EYELIDS,EXCERPT,EXACTIONS,EXCLAIMED,EPITOMIZED,EXPOSES,EGYPTIANIZATION,EYEPIECES,EXTINGUISHER
EXCURSION,ENTIRELY,ENGEL,EXPECTANT,EXPORTING,EERILY,ENOUGH,EXPANSION,EXTRACTED
ENCODES,EUGENIA,ETERNAL,ELECTING,EFFORT,ENCODERS,ETHERS,EXISTENTIAL,EAGLES
