HARSHLY,HOLCOMB,HONORABLY,HEELS,HARDEST,HAWLEY,HERBIVOROUS,HECTIC,HOOVERIZE
HURRAH,HARMFULLY,HEGELIAN,HARBORS,HURD,HAYDEN,HEATEDLY,HALVERSON,HOODLUM
HANDBAGS,HAM,HARRINGTON,HANDS,HAMBURGER,HEYWOOD,HARMONICS,HAMMOCKS,HUSTON
HUGENESS,HARDHAT,HOLLOWNESS,HEWED,HITLERITES,HORATIO,HUMBLENESS,HAMMOND,HEREFORD
HONORED,HITLERITE,HENDERSON,HARVESTING,HURT,HOUSEWIFE,HOOVERIZES,HEDGEHOGS,HOPING
HARPY,HITLERITE,HECATE,HAYING,HARRISON,HOUSEHOLDER,HITLERITES,HOUSE,HUSBANDS
HEATH,HAILING,HANDMAID,HERES,HEAVE,HILLSIDES,HALVERS,HEIRESS,HUMBLE
HOLMDEL,HEFTY,HAMMOCK,HEISER,HYPERBOLIC,HAMLET,HAMILTONIAN,HORRIBLENESS,HIVE
HIERARCHICAL,HATING,HORATIO,HANDCUFFS,HONEYMOONS,HYPERBOLIC,HILLCREST,HEARTBREAK,HARSHNESS
HERETIC,HAVANA,HUMID,HITLERISM,HARMONIZE,HIT,HIERARCHIES,HORNY,HOMOSEXUAL
HIPPO,HEATABLE,HARKEN,HOME,HORROR,HENDRICKS,HANOVERIANIZE,HUSTLER,HARDLY
HOES,HARROWED,HEARING,HANGOVERS,HIP,HINKLE,HEREAFTER,HARNESS,HERTZOG
HAUNCH,HOMICIDAL,HOPE,HARROWED,HUMMINGBIRD,HAPPIEST,HANUKKAH,HATEFUL,HERB
HIGH,HORROR,HELP,HUT,HIVE,HESITANTLY,HOLLERITH,HOBBES,HORSEPLAY
HAUGHTY,HIPPOPOTAMUS,HOMERIC,HANDLE,HYDRAULIC,HIGHWAYMEN,HEBRIDES,HAMMING,HENDRICKSON
HEAVERS,HINSDALE,HOOPER,HOP,HEAVIER,HOMERIC,HARLEM,HILLSBORO,HUN
HIRINGS,HAZEL,HENPECK,HOOKED,HEXADECIMAL,HITCHED,HINDUISM,HUSKINESS,HAPPENED
HIERARCHY,HOUSEKEEPER,HELSINKI,HISTORICALLY,HINT,HUMOR,HESS,HERSELF,HANDICAPS
HAMSTER,HARASSES,HURTLING,HAVILLAND,HIDEOUSNESS,HUMANNESS,HAILED,HALFWAY,HALCYON
HOARSELY,HELIOCENTRIC,HOSE,HANGMEN,HEISENBERG,HAPSBURG,HEM,HAZEL,HARMONIST
HANDIWORK,HEALTHY,HAMMING,HUMBLENESS,HANDSOME,HYDE,HACKSAW,HERMAN,HYPOCRISY
HOPKINS,HURDLE,HAULED,HANDSOMEST,HARDHAT,HALTED,HORRIBLE,HEAL,HERMETICALLY
HANDICAP,HEADLINE,HORRIFIED,HELIOPOLIS,HONDURAS,HEARTBREAK,HITLERITES,HEADQUARTERS,HIGHNESS
HUSBANDS,HAUL,HIKED,HIKES,HUDDLE,HOSPITALS,HOWLED,HESTER,HEELING
HARMONIOUS,HOOF,HURTLE,HOOKED,HILTS,HOMOSEXUAL,HINDUISM,HABITAT,HUGO
HOPPING,HABEAS,HYPOTHESIZE,HOUDINI,HANDWRITTEN,HOLM,HUMBUG,HORIZONTAL,HESITANTLY
HEATHEN,HAIRIER,HUMBUG,HELLFIRE,HIGHEST,HESPERUS,HOLLYWOODIZES,HINES,HASTENING
HOBBES,HYPOTHESIZING,HALTERS,HORDES,HEMP,HOSPITABLE,HENS,HEROICS,HOWLING
HOBDAY,HANDS,HUN,HAULED,HUMPBACK,HAILING,HEADLINED,HALLINAN,HERES
HOUNDING,HEADSET,HUDDLING,HANOI,HEDGEHOGS,HEELERS,HOODED,HOLBROOK,HUMILIATION
HELENA,HUMIDLY,HIGGINS,HAPHAZARD,HERSEY,HEMP,HORACE,HEROICS,HARVEY
HOSTED,HOP,HOLDS,HANGARS,HONER,HYPHENATE,HEARTEN,HANOVER,HOBDAY
HYDRANT,HANDCUFFS,HOLLOW,HERMANN,HUMIDIFIES,HERBS,HELLENIC,HIRING,HONDURAS
HINMAN,HEWETT,HEGELIANIZES,HEREUNDER,HEADROOM,HANG,HEALY,HEAPS,HONESTY
HEGELIANIZE,HIROSHIMA,HANSON,HOOTING,HERR,HUMANELY,HOLLOWS,HARE,HIRSCH
HOUSETOP,HUTCH,HISSES,HEEDED,HAYS,HAMMERED,HAYDN,HAMMETT,HEARST
HEARERS,HISPANIC,HEIDEGGER,HEARKEN,HESITATING,HERALDING,HARLOTS,HEATHER,HELM
HOMELY,HOOTER,HASTINESS,HUGE,HENCEFORTH,HALLWAY,HIGHLAND,HAUGHTILY,HERE
HARRISBURG,HILLSDALE,HENRI,HYPOTHETICAL,HIATT,HOMOGENEITY,HEALER,HARK,HAUGHTY
HERALD,HALTER,HOBART,HORIZONTAL,HONEYMOONS,HITCHHIKE,HAIR,HAUGHTINESS,HEWS
HONEYMOONED,HOMESTEADERS,HOWL,HEIRS,HARRIS,HACKS,HACKING,HIPPOCRATIC,HATCHED
HONEYCOMBED,HALER,HARVESTING,HARMED,HOTLY,HELM,HARRISONBURG,HANDICAPPED,HANGERS
HAND,HENNING,HACKS,HEARSAY,HEIR,HIDING,HOST,HEEL,HOMOSEXUAL
