WANDERED,WAKEFIELD,WILLIS,WRESTLINGS,WICKER,WITHDRAWN,WHIZZING,WESTMINSTER,WAIVERABLE
WHISTLED,WILLED,WIN,WINDMILL,WYLIE,WINING,WAKEUP,WILDLY,WITHHELD
WIRES,WRAPPINGS,WEEP,WESTERNERS,WARRIOR,WERE,WHOLEHEARTED,WILMA,WAUNONA
WESTHAMPTON,WONDER,WARNER,WEAPON,WILLIS,WEAVER,WIPE,WOOL,WADER
WHOEVER,WIELDER,WEISENHEIMER,WANDERINGS,WHITENING,WARSHIP,WORKED,WORKSPACE,WOVEN
WAND,WILMETTE,WATERPROOFING,WHITES,WATERY,WOOS,WIRY,WAITING,WASTE
WRIGLEY,WARFIELD,WERE,WOODWARDS,WAFT,WEATHERING,WEATHERED,WITHOUT,WARDROBES
WESTPORT,WHALEN,WIDOWER,WAHL,WILMETTE,WIDTH,WALFORD,WARDER,WEDDED
WALLET,WHOOPING,WOONSOCKET,WORCESTER,WESTWARD,WINDSOR,WHITMANIZES,WEARILY,WATCH
WEINBERG,WOODBURY,WORTHS,WRIGLEY,WINNIE,WARBLES,WHITMANIZE,WORKSHOPS,WORMING
WHIPPER,WEALTHIEST,WOLVES,WHITELY,WILES,WHIMPER,WHAT,WORKBOOKS,WORKER
WORLDLINESS,WOODCHUCKS,WRINKLES,WEAN,WINDMILLS,WALDENSIAN,WARSHIPS,WALTER,WAIVED
WORKBENCHES,WINOGRAD,WAUSAU,WHISPERS,WARES,WHIRLING,WHITE,WARDS,WALLER
WOOS,WAKEN,WETTED,WINDSOR,WAGERS,WRECKED,WATERS,WILLCOX,WHITENS
WING,WAFFLE,WANTING,WINNER,WREATH,WHIMPERED,WOVE,WRIT,WINCES
WALBRIDGE,WAYNESBORO,WHITTAKER,WHITCOMB,WEAR,WRATH,WAVELAND,WHEELINGS,WINNETKA
WEAKNESS,WAGNERIZES,WHITTAKER,WHIZ,WILLIES,WISPS,WARMING,WHIRR,WIDENED
WOMAN,WALTZING,WINES,WREAK,WISDOM,WEARER,WHEELS,WINDOWS,WALDENSIAN
WRESTLINGS,WARRIORS,WHEELINGS,WRENCHES,WOODBURY,WILHELM,WORKSPACE,WHAT,WRECKED
WEDLOCK,WELLESLEY,WALKED,WAXES,WISH,WONDER,WRETCHEDNESS,WATCHER,WIDENER
WRIGGLER,WIDTH,WHEELER,WEDS,WARNOCK,WRONGLY,WHITAKER,WORKHORSES,WATERWAYS
WHOOPS,WETTING,WHITTIER,WOODCOCKS,WEPT,WINKED,WEEKS,WASHINGS,WINTHROP
WOMAN,WARNS,WRIGGLES,WAITRESS,WHITEHALL,WALTER,WORLDLINESS,WARS,WINNING
WRAPPING,WILLIAMSON,WORTHLESSNESS,WARDENS,WHIPPLE,WATERMAN,WAXER,WORE,WHIMPERS
WARBLE,WEALTHIEST,WHIZZING,WRINKLES,WILDEST,WASHINGS,WHALES,WAVELENGTHS,WHOLLY
WAXES,WHATLEY,WILHELM,WORSHIPS,WIELAND,WARDER,WEDGED,WONDROUS,WETTER
WHITEHALL,WEIGH,WRANGLED,WHACK,WEARYING,WINDER,WHITLOCK,WEATHERCOCKS,WORDY
WOOING,WEAKENED,WENT,WALLOWS,WRANGLE,WHOLLY,WATCHING,WEEKEND,WOMB
WATERING,WRETCHES,WISED,WRANGLED,WAILING,WATERED,WASTEFULLY,WORKABLY,WORRYING
WAFT,WANDERINGS,WARMERS,WHISPERINGS,WHIPPLE,WARRANTIES,WASHER,WINDOWS,WARS
WAKEUP,WRESTLINGS,WHATLEY,WATERGATE,WREN,WIELDER,WILE,WHISPERED,WOODED
WORRIER,WILEY,WILLIAMSON,WHOLLY,WINTER,WISER,WAKE,WHENCE,WILFRED
WOODCOCK,WINDED,WRECKS,WAGNERIZES,WARDENS,WHISKER,WALGREEN,WHORES,WHIRLED
WEARISOME,WIRETAPPERS,WARPED,WILLCOX,WHIRL,WHIPPLE,WILFRED,WEARY,WINKED
WHERE,WEED,WASTING,WELLINGTON,WINNERS,WAGONER,WRITERS,WORKS,WEAVES
WITHERSPOON,WETTER,WHOLESOMENESS,WEDNESDAYS,WASH,WAITING,WARSHIP,WISENHEIMER,WIRELESS
WORRIER,WAGNERIZE,WYOMING,WELMERS,WILDLY,WHOLENESS,WHITER,WHIMSY,WITHDRAWN
WOODPECKER,WELLED,WINES,WEEPING,WORK,WOMB,WHITELEY,WONDERMENT,WADES
WADER,WIND,WARRIOR,WOULD,WIPER,WANSLEY,WEARING,WATERS,WOOSTER
WAIVE,WATCHED,WALSH,WATCHWORDS,WALSH,WHIRLPOOL,WATERFALL,WROUGHT,WRINKLES
WESTERNERS,WATERHOUSE,WINTRY,WHATSOEVER,WEEPER,WOOF,WAALS,WATKINS,WARPING
WHIMSICAL,WETLY,WANT,WHITEHORSE,WRESTLE,WIRETAPPERS,WEIGHTS,WARSHIP,WAGONER
WHACK,WASTE,WHOLENESS,WILES,WATTERSON,WITNESSING,WALES,WHELAN,WOOF
WILLAMETTE,WHALES,WOTAN,WHITER,WORRIED,WITTY,WOODCOCK,WREAKS,WARNING
WEINBERG,WREATH,WEAK,WHITEWASHED,WEEDS,WIDOWER,WIDOWED,WHORES,WINDOW
WANES,WATER,WILDNESS,WEDGES,WOODARD,WIDOWER,WIRES,WREAKS,WIRING
WILD,WITHDRAWS,WRING,WEARY,WHITTLING,WHITCOMB,WIRINESS,WILEY,WAXEN
WORTHLESSNESS,WILTING,WILHELM,WATSON,WATSON,WRITES,WINTRY,WALTZING,WESTPORT
WACO,WAITE,WITHHOLDINGS,WHISPERED,WONDERING,WEDDING,WELCOMING,WHIZZED,WESTHAMPTON
WATERING,WAIT,WOOD,WHISPERS,WORKMEN,WHISK,WINEHEAD,WRUNG,WOMANHOOD
WHEATON,WOVEN,WATCHWORD,WINGS,WITHER,WHISPERED,WRISTWATCHES,WASHED,WATER
WHISKED,WHIZZING,WILMETTE,WHISPER,WARRED,WATCHES,WINNETKA,WIGHTMAN,WARN
WHISPERS,WEIBULL,WEARY,WETNESS,WILMINGTON,WRONG,WEIGHTY,WAVEFORM,WOODWORK
WARNINGLY,WHISPERED,WHITING,WILLOW,WORKED,WITHHOLDING,WHILE,WEHR,WYMAN
WHIRL,WIRETAPPERS,WIDESPREAD,WAIVES,WARLIKE,WHINE,WREATHES,WAPATO,WATERHOUSE
WHENCE,WEBSTER,WITHHOLDERS,WHIPPER,WITHIN,WINDY,WORKHORSES,WAIVING,WORKED
WICKS,WARDEN,WORDED,WIER,WRITE,WESTBROOK,WEARYING,WARPING,WEEKENDS
WHITTLED,WINNETKA,WHOLENESS,WRANGLED,WRESTLE,WARN,WORDED,WILLY,WHIMSIES
WANTS,WAXED,WORKABLY,WORSHIPER,WEARIED,WIELDED,WAPATO,WOMANHOOD,WILLCOX
WRITERS,WEAR,WISE,WHOLENESS,WINTER,WAGING,WARDS,WARMTH,WONDER
WHARTON,WATCHER,WOODCOCK,WHIPPING,WARDEN,WHICHEVER,WHIPPANY,WEAVES,WHEELER
WALWORTH,WESTMINSTER,WINDY,WICHITA,WATTENBERG,WHITENESS,WRISTS,WATCHING,WOOLLY
WINTERING,WICHITA,WITHDRAWS,WESLEY,WHISPERED,WORDILY,WRAPAROUND,WAIT,WASHOE
WRONGING,WILKES,WHITEN,WEALTH,WOODPECKER,WEB,WESTHAMPTON,WHITENESS,WEARING
WOLVERTON,WANDERS,WYATT,WAGED,WITHHOLDINGS,WAKEUP,WORTHWHILENESS,WEARY,WERTHER
WINDSOR,WOODCHUCK,WEAK,WALLET,WHORLS,WIELDER,WILLIAMSON,WORRIES,WISER
WROTE,WANG,WARRIORS,WORKLOAD,WARING,WHIRLWIND,WATCHFULLY,WISHED,WAVEFRONT
WATANABE,WOOLS,WORMS,WARRANTIES,WINSTON,WHOM,WORKSTATION,WOODED,WRISTWATCH
