KIROV,KIRKWOOD,KIRKPATRICK,KISS,KRUEGER,KEYNESIAN,KIOWA,KEWASKUM,KOWTOW
KOREANS,KNOCKER,KRAKOW,KITCHENETTE,KINGLY,KUWAITI,KNOT,KISSER,KING
KNOCK,KAFKAESQUE,KNIGHTLY,KNOBS,KEENAN,KETTLE,KIGALI,KAPLAN,KLAUS
KRUEGER,KONG,KASHMIR,KRISHNA,KINGDOM,KEEPER,KATIE,KIDDIE,KOBAYASHI
KENNING,KRAEMER,KISSES,KISSER,KINSMAN,KILOHM,KNOTTED,KNUCKLES,KEENEST
KEITH,KIKUYU,KOVACS,KNIGHTHOOD,KEYSTROKE,KEEN,KEYNESIAN,KANTIAN,KRONECKER
KILOJOULE,KOVACS,KILIMANJARO,KEATON,KEYSTROKES,KEEGAN,KANARESE,KNAUER,KEENLY
KEWAUNEE,KATHY,KIDDED,KAFKAESQUE,KEENEST,KINSEY,KELLOGG,KERNELS,KILL
KICKING,KIMBERLY,KNUTSON,KNOWABLE,KNAVE,KOVACS,KANE,KIRKPATRICK,KRAMER
KENNETH,KIRCHOFF,KNOWHOW,KENOSHA,KAMCHATKA,KITS,KREMLIN,KOSHER,KEVIN
KEEPS,KELLEY,KLEINROCK,KENNEY,KNITS,KNAVE,KNEE,KATHLEEN,KNIGHTHOOD
KISS,KITE,KILOWATT,KASHMIR,KIDNEY,KENNEL,KANARESE,KEYPAD,KNOTTING
KLUDGE,KENNEDY,KLEINROCK,KASKASKIA,KREBS,KILIMANJARO,KITE,KINNEY,KNOW
KATOWICE,KILIMANJARO,KOALA,KIND,KIROV,KIOWA,KIDNAPPING,KEYNESIAN,KENOSHA
KAMCHATKA,KEELING,KIDDE,KEITH,KEYED,KNOSSOS,KISSED,KILLERS,KITTY
KUALA,KINDER,KEPLER,KICKER,KIKUYU,KEYWORDS,KHMER,KIWANIS,KEEGAN
KURDISH,KITAKYUSHU,KNOWLTON,KUWAITI,KIDNAPPERS,KITE,KELLOGG,KELLER,KILLED
KESSLER,KIEWIT,KNOBELOCH,KUHN,KENNEDY,KEYES,KNIGHTSBRIDGE,KURDISH,KENTUCKY
KICKOFF,KNOTTING,KRUEGER,KEWASKUM,KARP,KILLJOY,KILOHERTZ,KLAUS,KATHY
KIRKLAND,KICKOFF,KNAUER,KNELL,KOSHER,KINDLY,KILGORE,KUMAR,KNICKERBOCKERS
KNIGHTHOOD,KRUEGER,KENNY,KLEIN,KHRUSHCHEV,KUWAIT,KABUKI,KELLER,KNOT
KEATS,KIDDIE,KNOX,KATHERINE,KNACK,KLAN,KEENEST,KNOWLEDGE,KETTLE
KINDNESS,KILOWATT,KLUDGE,KISSED,KATHLEEN,KITTEN,KIDDIE,KATOWICE,KRUEGER
KEYSTROKES,KETTLE,KANE,KINDLED,KETTERING,KOENIGSBERG,KINDS,KNOT,KLYSTRON
KUENNING,KILLJOY,KILOBIT,KANTIAN,KEEPING,KODACHROME,KEYHOLE,KERMIT,KRAKATOA
KIDDED,KNOBELOCH,KINGSBURY,KINSHASHA,KIRCHNER,KEENNESS,KNOWABLE,KNOWN,KRESGE
KNUCKLES,KIEL,KALAMAZOO,KNOTTED,KURD,KODACHROME,KEEP,KEYED,KNEEL
KEELS,KIEV,KEYING,KUWAITI,KINDRED,KREBS,KENILWORTH,KENDALL,KETTLE
KNIVES,KUWAIT,KNUCKLED,KNOWLEDGE,KNAVE,KUHN,KURDISH,KEYNOTE,KNIFE
KIND,KICK,KITE,KISSERS,KEENER,KANNADA,KRAEMER,KRUEGER,KINDLED
KLUDGE,KABUKI,KLINE,KILOBIT,KICKS,KENNETH,KAMIKAZE,KAY,KINGLY
KINGDOM,KEEGAN,KANGAROO,KNIFES,KATE,KEWAUNEE,KIRBY,KNOWINGLY,KENT
KNUCKLE,KINK,KINGS,KERNIGHAN,KINDHEARTED,KERNIGHAN,KICKS,KOWLOON,KURDISH
KINGDOMS,KALMUK,KUALA,KICK,KNOWER,KAMIKAZES,KHRUSHCHEVS,KNOBELOCH,KEEPS
KOWALEWSKI,KIDNEYS,KNOCK,KURD,KITES,KAREN,KODIAK,KILOWORD,KILL
KIRBY,KILOWORD,KOWALEWSKI,KISSED,KNOB,KISSERS,KEEPER,KENNEDY,KETTLES
KILIMANJARO,KNOWHOW,KNUCKLE,KOALA,KNIGHT,KOREAN,KNEEING,KINDS,KILLED
KNIGHTS,KANE,KETTLES,KEENER,KNEAD,KRISTIN,KARL,KATHLEEN,KITTY
KILLING,KIMONO,KNIFES,KAFKAESQUE,KAPPA,KITTEN,KINDLY,KILOVOLT,KICK
KATHARINE,KIRKPATRICK,KINETIC,KILOHERTZ,KIMONO,KENNELS,KOENIG,KIND,KNAPSACK
KEATS,KONRAD,KNOWLES,KINSHASHA,KERN,KILOGRAMS,KILLEBREW,KADDISH,KEEPER
KLINE,KICKAPOO,KIROV,KNEELING,KITE,KEROSENE,KILOBLOCK,KEVIN,KILLINGLY
KERCHIEF,KNAPSACK,KEEP,KEYHOLE,KEEGAN,KNELT,KEYHOLE,KERCHIEF,KNIFING
KLINE,KRAKOW,KENTUCKY,KEELING,KINDLED,KNEE,KAMIKAZES,KINGSLEY,KUHN
KINDLING,KNOTTING,KNOBELOCH,KNIGHTHOOD,KITCHENS,KILOBYTE,KNEEING,KUMAR,KAREN
KNOCK,KICKING,KNAVES,KANE,KRAUSE,KNEAD,KINSMAN,KALMUK,KENTON
KINKY,KEYWORD,KINDEST,KNOB,KURD,KATHLEEN,KNICKERBOCKER,KINGS,KNOCK
KNOWER,KNEECAP,KILLER,KANARESE,KILOMETERS,KENT,KUWAIT,KENILWORTH,KATZ
KESSLER,KNEW,KRUSE,KENNEY,KNOT,KEELING,KIDNAPPING,KINDRED,KIDDE
KARACHI,KIEV,KILOHERTZ,KEYHOLE,KRUGER,KNICKERBOCKER,KENYON,KNOWLES,KNAVE
KNAVE,KERNIGHAN,KUHN,KEYPAD,KNUTH,KICK,KILOWATT,KERN,KIOWA
KEMP,KERMIT,KNIT,KNAPSACK,KATOWICE,KNOCKER,KEEPING,KNOWLEDGEABLE,KEEPER
