FURTHERMORE,FRISK,FALSIFIES,FLEW,FLOWING,FLAMERS,FLYABLE,FORTRESSES,FLARES
FAINTEST,FORGETTABLE,FANS,FIRED,FANCIED,FATHERLY,FIBONACCI,FAWKES,FILLABLE
FENCED,FISHER,FREER,FORMALIZATIONS,FORBES,FAULTLESSLY,FONDLED,FOSS,FAINT
FRAMEWORKS,FILMED,FLOCKS,FATTENING,FRITO,FRAILEST,FADES,FIASCO,FREENESS
FENCES,FRANKIE,FACTIONS,FLOPPILY,FASTNESS,FLICKER,FAULT,FEEDING,FRAMED
FREDDY,FRENCHMEN,FORMIDABLE,FUMED,FRESNEL,FILES,FACED,FRESHER,FLIP
FOURTEEN,FANCIED,FLAKING,FOUNDATIONS,FASHION,FROSTED,FAGS,FORCES,FLEECES
FULLY,FELONIOUS,FLATTENING,FRINGE,FRIDAYS,FAULKNER,FREEST,FEARED,FARMS
FINANCIALLY,FETAL,FELDER,FRAMER,FELLOWSHIPS,FABLE,FITZGERALD,FOILING,FLEW
FALLOUT,FULFILLMENT,FEMINIST,FACSIMILES,FORFEITED,FERGUSON,FENCER,FORETOLD,FORMICA
FINDER,FEATHERBEDDING,FATS,FERTILITY,FREED,FAKING,FASCINATING,FURTHEST,FINGERED
FEASIBILITY,FLUSHING,FREEWAY,FORMALITY,FLEDERMAUS,FLO,FRAYNE,FOOLING,FIST
FLAUNTING,FERRER,FORGET,FLUCTUATES,FIRER,FUSSING,FANOUT,FLAWLESSLY,FORMALLY
FIDDLE,FASCINATION,FINING,FORTHRIGHT,FEELERS,FOREHEAD,FURROW,FANTASY,FOOTAGE
FUNNEL,FOREGOES,FABIAN,FANTASIZE,FIDDLESTICK,FEWER,FASCIST,FAITH,FASTENER
FREUDIANS,FEW,FALSEHOOD,FIRINGS,FORMATION,FORNICATION,FURNISHINGS,FLINCH,FRAMEWORK
FORDHAM,FASTENER,FORGIVES,FAUSTUS,FORGIVABLE,FROTH,FAINTNESS,FLINCHES,FARE
FEATHERING,FOUNDED,FUNDING,FORMATION,FRONTED,FOLLOWINGS,FAIRIES,FEET,FOCAL
FAIR,FABLE,FLYER,FREIGHTING,FLUCTUATE,FARAD,FRIGATE,FATTENS,FOODSTUFF
FRIENDSHIPS,FORMALIZATION,FARES,FACTOR,FRETFULNESS,FIORI,FLIGHT,FUNDAMENTALS,FERMENTATION
FORETELLING,FATALLY,FLUIDS,FOLLOW,FUNCTIONALITIES,FINDS,FACTOR,FRIVOLOUSLY,FOOLPROOF
FIFE,FLOWERPOT,FASHIONS,FLASHED,FOCUSING,FOAMY,FRET,FIORI,FAMED
FLESHING,FALLEN,FITCH,FLEMISH,FREEINGS,FLAMING,FRISIAN,FIDDLESTICK,FAINTS
FILLABLE,FACTIOUS,FAIRYLAND,FERMI,FREIGHTERS,FLAMERS,FORMATS,FLEMISHES,FASCICLE
FLOCK,FRAYING,FIGARO,FORERUNNERS,FORNICATION,FROZE,FLATTER,FRAZZLE,FLOSSING
FLAK,FREQUENTING,FRAIL,FOURTH,FRIGHTFUL,FURLOUGH,FOUGHT,FIRER,FINNISH
FLATTENED,FIZZLED,FERVORS,FILTH,FORLORNLY,FAIRCHILD,FALKLAND,FACILELY,FOLKS
FOLLOWING,FLYNN,FLIMSY,FLAWLESSLY,FUNNELING,FREAKS,FRIVOLOUSLY,FUNCTIONALITIES,FACTIONS
FINGERINGS,FUEL,FUNNINESS,FLETCHERIZES,FRETFULLY,FEEDS,FEASTS,FREEWHEEL,FOOTPATH
FLOORS,FORGE,FORMULATIONS,FURIOUSER,FLINGS,FOREGOES,FEEDBACK,FIELD,FITZGERALD
FISCAL,FINDING,FEARLESSNESS,FRANCISCO,FONDLED,FARED,FOUGHT,FLUIDLY,FOREFINGER
FLUIDITY,FOILING,FELONY,FATHERS,FURTHERMOST,FOOTSTEPS,FOURSCORE,FIRMWARE,FOOTBRIDGE
FEEDERS,FOUNDING,FIJIAN,FITFUL,FEATURED,FARKAS,FEASTED,FRESH,FAYETTE
FISSURED,FOB,FRAYING,FOULEST,FLEISCHMAN,FREEDMAN,FRANTICALLY,FORETELL,FRICTIONS
FIGURATIVELY,FORGETTING,FAIRNESS,FORETELL,FIREPOWER,FRENZY,FINDERS,FLUENCY,FUNNELED
FOODSTUFFS,FARM,FEMINIST,FACILITIES,FRUIT,FLAGSTAFF,FITTER,FLUIDLY,FINDS
FAMILIARIZES,FELLOWS,FREQUENCIES,FIZZLE,FALSIFYING,FLEEING,FATTENER,FRANCIZE,FRANKLINIZATION
FOWL,FULLNESS,FERMENT,FURROWS,FOURSQUARE,FITFULLY,FASTED,FLINCHED,FURTHEST
FAMISH,FACTORING,FUSSING,FIRSTS,FRISIAN,FIXES,FRONTIER,FEELERS,FIFTIES
FAITHLESSLY,FASTENINGS,FOGGIER,FIERCENESS,FREQUENT,FLARING,FLEXIBILITIES,FACILITATING,FASTNESS
FOOTSTEP,FISHY,FRISIAN,FRESHENING,FRESHNESS,FREEZING,FATHERED,FUMING,FURROWS
FETAL,FEATURE,FANGLED,FLAG,FEBRUARY,FASCINATES,FUNNIER,FRESHNESS,FONTAINE
FORSAKEN,FAIN,FISHMONGER,FOUNT,FACTORIAL,FITLY,FLUSH,FULLNESS,FORNICATION
FADES,FLEXIBLY,FORESTS,FERVOR,FOUNDERED,FRUEHAUF,FEES,FLEMISH,FINISHERS
FELL,FIREBREAK,FALSIFICATION,FRICTIONS,FORTUITOUSLY,FOIBLE,FOAMING,FIXATION,FERMENTING
FRAUGHT,FEUDAL,FLAGLER,FARTHER,FLINGS,FLOPS,FIXATION,FEEDS,FUDGE
FRUITION,FORMED,FELICITY,FORMALIZATIONS,FAITHFULLY,FINALIZE,FLATTERER,FEARFULLY,FAULTLESSLY
FOXES,FACILITATED,FORUM,FANNIES,FACE,FANCIFULLY,FLABBERGAST,FORMATTED,FACT
FOBBING,FORMULATED,FORD,FRANKLINIZATIONS,FURIOUSLY,FULCRUM,FORTRESS,FRIVOLITY,FATAL
FEELERS,FASTER,FALKLAND,FLUENCY,FLUFFY,FAINT,FILMED,FOOTPATH,FIELDS
FRIGGA,FILENAMES,FLICKER,FALSTAFF,FORGETTING,FRIGIDAIRE,FRENCHIZES,FELL,FLINTY
FRICATIVES,FEATHERING,FONTAINEBLEAU,FREER,FAUCET,FIRST,FUNCTIONARY,FREEMASON,FIXES
FIGHTS,FISK,FRANCIE,FUNDERS,FLUTING,FAUNA,FLOSSING,FOSSIL,FATTENED
FILLER,FEAST,FILTHINESS,FLORID,FAILING,FEMUR,FANCIES,FOUNDS,FLEETS
FLUCTUATION,FOGY,FLOTATION,FLASHLIGHT,FIGHT,FABRICATION,FAVORITISM,FRAGRANTLY,FIREPROOF
FUNCTOR,FLATULENT,FORMANTS,FAMINES,FORGED,FOUNDING,FORMATION,FORMATS,FEMININE
FLETCHERIZES,FOLLOWING,FOSTERS,FURLOUGH,FOAMS,FURNACE,FAMILIARITY,FIGURED,FREUDIANISM
FIBONACCI,FIRELIGHT,FEDERALLY,FALLACY,FOREWARNED,FLOWER,FONDNESS,FISTICUFF,FIX
FUZZINESS,FOLLIES,FLOODLIT,FOLKSONG,FISCHBEIN,FURNACES,FOGGING,FERRIED,FLOWED
FILLED,FACTORING,FORM,FULLEST,FAUSTUS,FLUENT,FEDERALIST,FUNNIER,FRIGATES
FOOTE,FRIENDLESS,FUDGE,FACILE,FISSURE,FLYERS,FAIRIES,FORT,FOLSOM
FICTIONAL,FRATERNAL,FUNNEL,FIGURING,FERDINAND,FILING,FRANKFORT,FIRER,FOIBLE
FASHIONABLY,FORMED,FURNACE,FRACTIONALLY,FEATURES,FLUTING,FLICKERING,FLAMBOYANT,FLYERS
FACILELY,FAUST,FREQUENTERS,FLIERS,FLOWCHARTING,FEARFULLY,FITTINGS,FILLED,FATES
