OVERVIEW,ORDINARINESS,OJIBWA,OCEANIA,ORIGINATE,ORB,ORNERY,OBSERVATIONS,ORNAMENTATION
ORIENTALIZED,OCCASIONS,OVERLY,OCCUPANCY,OUCH,OVERHEAR,OUT,OTHERWORLDLY,OBVIATES
OSCILLATED,OUTGREW,OBSTRUCTIONS,OPERAS,OBSTRUCTING,OUTLET,OVERSIGHTS,OLDNESS,OCCUPANTS
OBSERVATORY,OPPOSABLE,OSMOTIC,OUTCRY,OBLIGINGLY,OUTLIVING,OMINOUS,OVERRIDDEN,OFF
OILER,ONLOOKER,OATEN,OPTIMISTIC,OBSTRUCTED,OUTLOOK,OBSCURELY,OUTERMOST,OBSERVED
OVERTHREW,OFFICE,ORCHIDS,OBTAIN,OMEN,OBSERVERS,ORNAMENTS,OFFENSIVENESS,OLDER
OVERHEAR,OPTIMIZING,OVERTONE,OVERWRITING,OBSERVANCE,ONES,OPPOSITELY,OVERZEALOUS,OPPRESSES
ONTO,OAK,OFFENSIVELY,OBLIVIOUSLY,OLEANDER,OVERWHELMINGLY,OATS,ORGANIZATION,ONE
OVERCOAT,OVERESTIMATING,OCCLUSION,ORTHODONTIST,OVERSTOCKS,OWLS,OFFENDER,OBJECTION,OWNS
OBOE,OVERTAKE,OUTWEIGHED,OBJECTS,OVERTAKER,ORIENTALS,OPPRESSORS,ORNAMENTAL,ORIGINATOR
ORGIES,OVERSHADOWING,OUTWEIGHING,ODE,OCCASIONINGS,OSBERT,OBLIGINGLY,OPTIONS,OPERA
OPTING,OUTGROWN,OVERSHADOWING,ONIONS,OPTIMIZER,OLDUVAI,ORPHAN,OSCILLATE,OBVIOUSLY
OUCH,ONSET,OVERLAYS,OMITS,ORWELL,OPENNESS,OPERATED,OVERTAKES,ORNAMENTAL
ORLANDO,OVERVIEWS,OUTWITS,OBLIGINGLY,ONES,ORDAINING,OVERTAKES,ORIGINATES,ODIOUSLY
OFFICERS,ORDINATES,OUTWITTING,ORTHOGONALITY,ORGANIZE,ORBIT,OBSCURED,OVERHAULING,OUTER
OUTPUTTING,OAK,ONLOOKER,ORIFICE,ORIENTALS,ORKNEY,OPAQUENESS,OUTSTANDINGLY,OCCUPATION
ORIGINATES,ONGOING,OBSTRUCTION,ORATION,ORIGIN,OFFSHORE,OCCLUSION,OSCILLATED,OZARK
OVERWRITES,ONLINE,OBSTINACY,OYSTERS,OFFSET,OARS,OFFSET,OBLIQUELY,OCCUPIES
OURS,OFFICIOUSNESS,OVERTHROW,ORDERS,ORCHESTRAS,OVERNIGHTERS,OPPRESSING,OBSOLETING,OAKLAND
OFFENDED,ODERBERG,ORGASM,OPTIMUM,OBSERVATORY,OBSCURES,OCEANOGRAPHY,OBSESSION,OWES
OXIDIZE,OVERWRITES,OSCILLATING,OUTNUMBERED,ORGANIZED,OTTOMAN,OVEREMPHASIS,OOZE,ORIENTALIZATIONS
OTTERS,OPPOSITES,OWING,ORESTEIA,OSGOOD,OUTBREAKS,ORATORY,OVEN,ORDERINGS
OBSERVED,ORANGES,OPACITY,OMAHA,OVERWORK,ORCHIDS,OBVIATING,OPPENHEIMER,OLDENBURG
OSMOSIS,OPPONENT,OUTCRY,ONEROUS,OUTSTANDINGLY,ORDERINGS,OLYMPIANIZES,OUTSKIRTS,ORBITALLY
OUTLINING,ORCHESTRA,OWNERSHIP,ORATORIES,OFFICIAL,ORLEANS,ODDEST,ORGANS,ODYSSEY
OCCIPITAL,OPPOSED,OBJECTIVE,OWNERS,OPTIMIZING,OUTBURSTS,OTHERWISE,OCCIDENTALS,OVERHANGS
OPPOSITELY,OPPOSES,ORDINARY,ORATORIES,OBSOLESCENT,OVERFLOWS,ORCHESTRAL,OBSOLETING,OBSCURING
ORIGINATED,ONGOING,OFFENSIVELY,OPPOSES,OXFORD,ORDINANCES,OVERPRINTED,OUTS,OUTGROWING
OCCURRED,OVERFLOWS,ONE,OUTSTANDING,OUTCOME,OBVIOUSLY,OBSERVED,ORNAMENTED,OCCURRED
OMAN,OUGHT,OUTLINING,ORNAMENTED,ORATION,OCCURS,OSIRIS,OUTWITTED,OAKS
ORIENT,OXIDIZE,ONESELF,OVERHEAR,OVERLOOKING,OCCASIONALLY,ORDINAL,OFFERING,ORIENTS
OVERTIME,OVERTOOK,OCCASIONED,OVERSUBSCRIBED,OMINOUS,OVERSHADOW,OUTLAWING,OVERT,OSCILLATIONS
