CIRCUMLOCUTIONS,CLING,CAUSALITY,CRIPPLED,CHASE,COAUTHOR,CYBERNETIC,CASTLED,COLLECTIVELY
CLEAVAGE,CONSTANCY,CANDLER,CENSURER,COMMANDANT,COMPLIMENTED,CRUMBLES,CONCERNS,CUSTARD
CONCUR,COLLAPSIBLE,CLEARER,COUPLER,CONSUMPTIONS,CROMWELL,CHAPLAINS,CANTO,CARBOLOY
CONSOLATIONS,COGS,COINCIDENCE,CRUDER,COUNTABLY,CHICKEN,CONVENING,CELTICIZE,CZECHOSLOVAKIA
CHEAPENS,CORSICAN,CONSTERNATION,COERCES,CONJURING,COMMONWEALTHS,CHEROKEE,CALDERA,COMBINATORIALLY
CHOCOLATES,CONCEDING,CRUELER,CURRENTLY,CURRENTS,CONNECTIONLESS,CREATING,CONSTRUING,CINNAMON
COUSINS,CLAREMONT,CORPORAL,CREAKY,CHISELER,COMMONEST,CAIN,COMPLAIN,CAVINESS
CRAIG,CHOREOGRAPHY,CALLAGHAN,COMMONPLACES,COACHER,CLIMES,CONTINUITIES,CELLS,CONSOLERS
CANNERS,CORKS,COEXISTS,CONSTRUCTIONS,CLIP,CONCERTO,CONTRIVED,COMMUNION,CRAVE
CORRECTLY,CROMWELLIAN,CRUSOE,CANFIELD,COMMUTING,CLOCKER,CRAVES,CONCERTMASTER,CRUISING
CORONATION,COMPARED,CHAOS,CREWS,CREWS,COMPLEXION,CONCRETES,COMMEMORATES,CROCODILE
CONTAGIOUSLY,CONSEQUENCE,CIRCUSES,CONFESSING,COMBATIVE,CRAZES,CANARY,CORPORATION,CLAMPED
CUTTERS,COVETED,CHALKED,COMPETITOR,COMMENTATORS,CORDED,CONSECRATE,CARTONS,CAVERNOUS
COPSE,CERTIFIABLE,COVENTRY,COMMUNE,CARBONIZED,CLASSROOM,CRUCIFIED,CULL,CONFINE
CHECKERBOARDING,CRETE,CARELESSLY,CAPACITIVE,CALLERS,COVALENT,CONTAINMENTS,COEXISTS,CONFISCATED
CHILDISHNESS,COWERS,CONDUCTIVE,COLDEST,CONTINUANCES,COMPUSERVE,CONTRARY,CLANNISH,CONVECT
COMMENDATIONS,CULMINATING,CAPITALIZE,CONFUCIUS,CALCULATES,CUTTLEFISH,CRAVEN,CRYPTOGRAPHICALLY,CHRISTENSON
COINCIDED,CRUNCH,CUMULATIVELY,CHANDELIER,CALVINIZES,CONTEMPLATIVE,CONQUERED,COUNTERFEITED,CONCATENATES
CATALYSTS,CARIBBEAN,CALM,CREVICES,COBBLESTONE,CARDS,CAPTURES,CLIMATE,COMPILATION
CAPTOR,CILIA,CRYSTALS,CONGLOMERATE,CULTIVATED,CROWNED,COULD,CONSTRAINED,CRAFTSPEOPLE
COHESIVENESS,CONTINENTS,CRUSADING,COMPARED,CONSENTED,CANDIDLY,CARCINOGENIC,CHANCES,CRITIQUES
CASTRO,CRAZY,CONVERSED,CANNER,CHEEKY,CAPTORS,CHIPMUNK,CRANE,COMPARATOR
CENTIGRADE,CONSTITUENCY,CRUDENESS,CHRISTLIKE,CONTRARY,CLONES,CAST,CHIRPED,CANOES
CAMPERS,CHATEAUS,CONSORTED,COMPONENT,CORSICAN,CONDOM,COVE,CAUSED,CAGER
CHOKING,CHANTED,CAPTORS,CRUNCHY,CALVERT,COMPARTMENTALIZE,COMEDIC,CALM,CYST
CHAPLAIN,CONFRONTATION,CHARGEABLE,CHAUTAUQUA,CRUCIFIED,CRAWLED,CIRCUMNAVIGATE,CONTROVERSIAL,COURSE
CAFETERIA,CONVICTION,CLAWS,CHALKED,CAPITALIZED,CHRISTINA,CONVICTION,COPIOUSNESS,CONDEMNED
CRAFTSMEN,CONDUCTED,COMMEND,CURRICULUMS,CHARTREUSE,CONFESSION,COMFORT,CHEST,CORNING
CONSORTED,CHAPEL,CRAVE,COMMONNESS,COMPARTMENTALIZED,CAROLS,COLUMN,CORRECTNESS,CALLING
