BRAY,BEAK,BABOON,BEATABLE,BLAMER,BALE,BURNISH,BRIBERS,BEGINNINGS
BOHEMIA,BREVITY,BUCHAREST,BELOVED,BEASTS,BACKER,BLASPHEMOUSNESS,BANQUETS,BREED
BEST,BONN,BENEFITED,BRACKETS,BAIL,BALKANIZATION,BITER,BUREAUCRACY,BLASPHEMOUS
BACKSLASHES,BLEMISH,BEFOG,BLAMES,BEFITS,BECALMED,BENDER,BELONGING,BUSIED
BURSITIS,BURGEONED,BORG,BOISTEROUS,BREWSTER,BLOC,BLUSTERS,BATTLESHIPS,BRAG
BONDER,BAUER,BONNETED,BASEBOARD,BALLROOMS,BLEMISH,BOSSES,BELOVED,BACKORDER
BERNARD,BOOTLEG,BEHAVED,BLONDS,BOWDOIN,BUDWEISERS,BEGGARS,BROADCASTING,BADGE
BATHROBE,BEDEVIL,BOTTLENECKS,BINGHAM,BAYOU,BURUNDI,BURL,BARBARIANS,BIOGRAPHER
BELLIGERENT,BELAY,BOYHOOD,BUGEYED,BODE,BOOKKEEPER,BONE,BOARDINGHOUSE,BLUEFISH
BARRENNESS,BATTLEMENTS,BRICKLAYERS,BRICKLAYING,BAWDY,BOASTING,BERLITZ,BAY,BERTHA
BEETLES,BAUDELAIRE,BIOGRAPHIC,BROWNED,BELIES,BART,BYPRODUCT,BREWER,BLANKS
BERT,BROWSING,BOOSTED,BENCH,BROCK,BASQUE,BOWED,BURR,BUNGLING
BURR,BEREFT,BLOODSTAIN,BEVERAGES,BEAUREGARD,BAROMETRIC,BREEZILY,BASEBOARDS,BAREFOOTED
BACTERIAL,BABYLONIAN,BLEATS,BONNY,BROMIDES,BOWING,BADGER,BETTERING,BUCHANAN
BLADES,BIG,BANAL,BACKSTITCHED,BONANZAS,BERTIE,BEDROCK,BEGET,BUREAUCRATIC
BETWIXT,BOUNTEOUS,BREWS,BUNGALOW,BEAUTEOUS,BOTH,BLOCKERS,BASQUE,BEQUEATHS
BEFOULS,BEATEN,BEGRUDGED,BLUEBONNETS,BARRED,BANDING,BALI,BLASPHEMOUSNESS,BUSTER
BUSES,BLUDGEONING,BENIGN,BENEATH,BUTTON,BELLWETHER,BUDDIES,BURGLARY,BATTLEMENTS
BARRELLING,BEEP,BADMINTON,BERATED,BLESSINGS,BUTTERNUT,BUFFERS,BUMPER,BRETONS
BEQUEATHED,BENEATH,BOGGED,BILLIKEN,BLEACHES,BEGRUDGINGLY,BLUNDERING,BABBLE,BULLDOZES
BOOKING,BITTERNESS,BUBBLED,BUNTING,BLOAT,BROWNIAN,BOHR,BESPECTACLED,BRIDESMAIDS
BOWLED,BUNNIES,BUREAUCRACIES,BRILLIANT,BUFFER,BLUSTER,BLUBBER,BRAVERY,BATES
BADLANDS,BREACHED,BESIDES,BOVINES,BEFIT,BOOKLETS,BUSIED,BAMBERGER,BISMARK
BOSUN,BERIBBONED,BOARDINGHOUSES,BALKANIZATION,BADEN,BILLIARD,BARBOUR,BURNS,BONNET
BASTION,BEHEMOTHS,BERYL,BREATHERS,BULLDOGS,BEFORE,BEARINGS,BRICK,BRITISHLY
BARLOW,BANEFUL,BOSWELL,BACKLOGGED,BALANCES,BUMBLING,BREATHLESS,BROOKMONT,BAILEYS
BOSWELL,BANTU,BOMBASTIC,BOOKS,BUDGING,BASIC,BARD,BACKSLASHES,BORROW
BENELUX,BEGS,BENZEDRINE,BUNKER,BRIMSTONE,BOYISH,BANISHMENT,BASTES,BEATNIK
BLUSTERS,BRETHREN,BECALMING,BEFRIENDING,BLINDS,BUGATTI,BARB,BRITON,BENNINGTON
BYPASSED,BOWDLERIZING,BROWSE,BACKSLASH,BALER,BOATMEN,BURPS,BARED,BARKS
BOTTOMING,BESMIRCH,BAYPORT,BATCH,BLATANTLY,BRIGHTLY,BROWBEATEN,BOLDNESS,BIGHT
BESTS,BUDDED,BLESS,BERNE,BEACHES,BRIEFCASES,BUCKLED,BANQUETING,BERTRAM
BRASSTOWN,BRIBES,BEFOUL,BURGLARS,BIRCH,BARNSTORMED,BASELINES,BARREN,BOUNDING
BESPOKE,BRAKES,BOBS,BATTLESHIPS,BERLITZ,BUGGIES,BUDS,BILLIKENS,BEDSTEAD
BOB,BULBS,BACKDROP,BET,BEQUEATH,BUTTERS,BASKED,BOOB,BELLINGHAM
BOSTONIANS,BUSTER,BEWARE,BERLINERS,BAWLED,BOLDEST,BOO,BOXERS,BUBBLED
BENGAL,BASICALLY,BARNABAS,BRENNAN,BURGLARIZES,BAPTIZES,BROOKLINE,BLISSFUL,BASHED
BRAINARD,BACILLUS,BILATERAL,BETRAYED,BREVITY,BATTERIES,BAKELITE,BIGGEST,BIDDIES
BRAZIER,BERIBERI,BELIEVABLE,BOWL,BOWDOIN,BECALM,BEEFING,BUG,BROADEN
BLUNDERINGS,BUFFALO,BILLOW,BELIEVABLE,BENJAMIN,BEHEST,BETTERS,BOREAS,BRITANNIC
BANKRUPT,BROKE,BANKED,BUTTERMILK,BADE,BULGE,BRONCHIOLES,BEFOGGING,BUILDUPS
BRIEFEST,BRACELETS,BALLOONING,BAYPORT,BOTCHED,BUMPED,BLISS,BUMBLING,BATTLESHIP
BELGRADE,BALANCE,BOTANIST,BERIBBONED,BEGOTTEN,BUNGLED,BYTE,BALCONY,BLANKER
BLACKMAN,BRUSQUELY,BELIEVERS,BUFF,BOATHOUSES,BLUEFISH,BALMY,BUTTRESSED,BERET
BAREFOOT,BRIGHTLY,BOUNCING,BOTCH,BEATNIK,BUTLERS,BITTERNUT,BRIDES,BRAINY
BROOKMONT,BATTELLE,BUCKSKIN,BRANIFF,BLACKLISTS,BACK,BYGONE,BLURB,BRIDLES
BEGOT,BLITZ,BELONGED,BRUISES,BLANKING,BUCKED,BREATHLESS,BELIEF,BUTTERED
BRIM,BRAINSTEMS,BONFIRES,BEAN,BREATH,BACKBEND,BLADES,BLIMPS,BIGNESS
BOYS,BRITONS,BENSON,BARBELLS,BALSAM,BYRONIZES,BACKSTAIRS,BACKLOGGED,BURGUNDIAN
BEVERLY,BLOATED,BURTT,BROADWAY,BAKING,BUSBOY,BELIZE,BRAINWASHING,BOWS
BUDGETARY,BETRAYER,BLARED,BLESSINGS,BRIDLE,BRUSQUE,BESSIE,BALANCER,BIREFRINGENT
BLACKFEET,BRIEFER,BRUSH,BELOVED,BANDITS,BIOSYNTHESIZE,BOTTLENECK,BUCKBOARDS,BABELIZE
BLAST,BEDPOST,BICYCLERS,BROADENED,BERSERK,BLEACHING,BOURGEOISIE,BEAMING,BINARIES
BLEND,BRUTALITY,BESET,BLAIR,BARNYARD,BASHED,BRISTLE,BLUMENTHAL,BUILDS
BACKLOG,BANTERING,BUZZER,BENIGN,BARRELLING,BLOSSOM,BELAY,BORDEAUX,BEHOLDING
BILINEAR,BORROWERS,BRIEFLY,BOTTLING,BIOLOGISTS,BLURTED,BURY,BREVETING,BALSA
BRONCHITIS,BANDING,BREADS,BISECTED,BOATHOUSES,BUTCHER,BLINK,BUNGLE,BRYN
BREVE,BLOCKADING,BEARDED,BILLOWS,BROILERS,BLINDINGLY,BREASTS,BUSHWHACKS,BIRDBATHS
BORNE,BOLT,BAWLING,BEAUTIFICATIONS,BOUNCER,BOSOM,BOWED,BELL,BELABORS
BACKSCATTERED,BIRDS,BOSWELLIZES,BELONG,BULLDOZE,BEWILDER,BENEFITS,BORATES,BID
BESSEL,BOTCHERS,BRANDY,BEEHIVES,BROKEN,BIANCO,BOWERS,BAGELS,BOMBER
BUCHAREST,BAKES,BASTARD,BURMESE,BREACH,BLEACHED,BOUNCES,BEDDERS,BARRACKS
BELATED,BRAGG,BAILEYS,BERNE,BASELESS,BERATES,BADGER,BLASTER,BIDDERS
BOOKIES,BOUNDS,BLANKLY,BUGGING,BOATMAN,BASEBOARD,BOWLS,BUTTRICK,BROOKHAVEN
BUFFALO,BOATSWAINS,BOUNDING,BURTT,BUEHRING,BRANDED,BLACKSMITH,BONNET,BRIDGEHEADS
BEATIFIC,BIOMEDICAL,BOUND,BALE,BACKSPACING,BITTERS,BOWSTRING,BERNET,BRAKES
BACHELOR,BURNISH,BINUCLEAR,BLINDFOLD,BEHOOVE,BEEHIVE,BEHIND,BESS,BROWNE
BLACKEST,BOOTLEGGING,BAPTISTRIES,BURDENSOME,BRUNHILDE,BASENESS,BARNUM,BREWED,BABY
BIND,BURDENSOME,BLEEDINGS,BAYS,BABYING,BRUISE,BEDSPRINGS,BORDERS,BEREAVEMENTS
BEDDER,BROWS,BOSWELL,BARIUM,BANQUETS,BILLOWS,BASSINET,BRAINSTEM,BANTAM
BLAMERS,BITTERS,BOUNDEN,BOARDINGHOUSE,BRANCHING,BLOODY,BLANCHARD,BULLY,BOOBOO
BELLA,BASTARD,BRUSHLIKE,BIOGRAPHERS,BUCK,BILABIAL,BARBAROUSLY,BUREAU,BLACKMAILS
BRASHLY,BEHIND,BLACKMAILED,BALANCE,BRAVENESS,BOMBARDED,BELLY,BOYCOTTS,BLUSTERED
BALKANIZE,BEGINNINGS,BRAND,BURNS,BUTTRESSED,BANGUI,BORDERING,BESPECTACLED,BOTTOMLESS
BAYONETS,BATTED,BRIDEWELL,BLUSH,BEFORE,BIGGEST,BLOCKADES,BIBLIOGRAPHIC,BLOCK
BOEOTIAN,BLARING,BRIGHT,BAKLAVA,BRIEFING,BOTTOMS,BAFFLERS,BRANDS,BURY
BUSS,BRIDGEHEAD,BORDEN,BAGHDAD,BABES,BRIBER,BIENVILLE,BROKERAGE,BIOPHYSICAL
BRANDS,BURNISHED,BACKBONE,BENELUX,BRANDISHES,BROMIDE,BROKENNESS,BARKING,BUNCHES
BEACHHEAD,BONDSMAN,BRADLEY,BETSY,BAIL,BOOLEANS,BLUFFS,BOMBER,BIGELOW
BARNABAS,BRIDGES,BRAINWASH,BUSSES,BEARABLE,BROADER,BRICK,BARFLY,BARRED
