UNREAL,UNAWARES,UNCLEARED,UNDERMINING,UNDERSTANDABLE,UNIPROCESSOR,UNTIED,UNSATISFIABILITY,UNBROKEN
UNACCOUNTABLE,UNSIGNED,UNWELCOME,UPSET,UNPREDICTABLY,ULCERS,UNCERTAINTY,UPDATER,UNDERSTANDABLE
UNCONVINCED,UNWINDING,UNINTENTIONALLY,UNWHOLESOME,UNAVAILABILITY,UNDRESSED,URN,UNDOING,UNCONSCIONABLE
UNFOLDS,UNSUITABLE,UNTOWARD,UNPACK,UNATTRACTIVE,UNPROVEN,ULSTER,UTILIZATION,UNRAVELING
UNCONTROLLED,UNTRANSLATED,UNDERWENT,UNLEASHED,USHERS,USERS,UNDERESTIMATE,UNWORTHY,UNLEASH
UNINTELLIGIBLE,URSULA,UNINTENDED,UNENLIGHTENING,UNSELECTED,UNCLEANNESS,UNDERGROUND,UNIMAGINABLE,UNCORRECTABLE
UNCONSCIONABLE,UPSETS,UNSTRUCTURED,UNSELECTED,UNRECOGNIZED,UNIONIZED,UNDOUBTEDLY,UNDERSTOOD,UNPARALLELED
UNNERVING,ULTIMATELY,UNWINDS,UNDERWAY,UPROOTS,UNFOUNDED,URN,UNTRANSLATED,UGLIER
UPROOTING,UNTOUCHED,UNPOPULARITY,UTTERED,UNHAPPINESS,UNCOMPUTABLE,UNCONSCIOUS,USHERING,UNWRAPPED
UNDERTAKES,UNPACKING,UNCONSCIOUS,UNCONCERNEDLY,UNILLUMINATING,UPHELD,UNDERSTANDINGS,UNAFFECTEDLY,UNSEEN
UNDERSTANDABILITY,UNIVALVES,USHER,UNOPENED,UNLIKELY,UNDERSTANDABILITY,URBANA,UNROLL,USEFULNESS
UNSAFELY,UNFAMILIARITY,UNIDIRECTIONALLY,UPDATES,UNFAIR,UNCLEANNESS,UNDERLINE,UPSIDE,UNMOVED
UNFAIRLY,UNQUALIFIED,URANUS,USEFULNESS,UNINTERRUPTEDLY,USENIX,UNDERSCORES,UNFOLDED,URDU
UNCONVINCING,UNDERESTIMATE,UNCOMFORTABLE,UNOFFICIALLY,UPHOLDER,UNNOTICED,ULTIMATELY,UNNECESSARY,UNABBREVIATED
UNGRATEFULNESS,UNWITTINGLY,UNIFICATIONS,UNKNOWN,UNPROVABLE,UNDERWRITER,UNASSIGNED,UNGRATEFUL,UNAESTHETICALLY
UNSOLVABLE,UNIDIRECTIONALLY,URGINGS,UNCOVERED,UNDERTAKES,USABLY,UNINTERESTINGLY,UNEXPECTED,UNPACKING
UNEVENNESS,UNILLUMINATING,UNFRIENDLY,UNDERPLAYED,UNAVAILABILITY,UNSHAKEN,UTILITIES,UNRAVELS,UNEQUIVOCALLY
UNSETTLING,USED,UNRAVELING,UNCONDITIONALLY,UNIFYING,UTTER,UNCLAIMED,UNIPROCESSOR,UNDERFLOWED
UNSEEN,USABLE,UNDERWENT,UNTRUTHFULNESS,UNDERESTIMATED,UNVARYING,UNLEASHED,UNRESTRAINED,UPGRADE
UPTURNS,UPRIGHTLY,UNBIND,URI,UNCONVINCED,UNROLLING,ULCER,UNTYING,UNDERGOES
UNDERWRITERS,UNLOCKING,UTAH,UNREAL,UNFAITHFULLY,UNAVAILABLE,UNDECOMPOSABLE,UPRIGHT,UNRELATED
UNCONSCIONABLE,UNDECIDABLE,UNARMED,ULCERS,UNHAPPY,ULTRIX,UNITING,UNIVERSALLY,UNNATURALNESS
USING,UNDIVIDED,UGANDA,UNDERMINE,UNLAWFULLY,UNENLIGHTENING,UNPROVABILITY,UBIQUITOUSLY,UNEMPLOYED
UNEXTENDED,UPHOLSTER,UNBELIEVABLE,UNBLOCK,UNAMBIGUOUS,UNDERBRUSH,UTTERLY,UNANALYZABLE,UNPRESERVED
UNIDIRECTIONALLY,UNFAIRNESS,UNPARALLELED,UNMATCHED,UNEQUIVOCALLY,UNAVOIDABLE,UNDESIRABLE,UNWRITTEN,UNWORTHY
UNDIVIDED,UNFITNESS,UNPACK,UNHAPPY,UNABATED,UNREPRESENTABLE,UNLIKE,UNION,UNITY
UPWARD,UNLINKING,UNREAL,UPDATE,UNDETECTABLE,UNDISCIPLINED,UNCERTAINTIES,UTTERANCE,UNDERWRITING
UNICORNS,UNIROYAL,UNTRIED,UNINTERESTINGLY,UNDERMINE,UNTOUCHED,UPHOLDS,UNDERESTIMATION,ULCERS
URI,UNTAGGED,UNCORRECTABLE,URGED,UNIFICATION,UNPROTECTED,UNTERMINATED,UNDERTAKEN,UNSENT
UPON,UNEQUALLY,UNDRESSED,UNVEILS,UNFORGIVING,UNIONIZATION,UNSIGNED,UNMOVED,UNDERSTOOD
UNWISER,UNDERSTATED,UPSET,UNNAMED,UNSUCCESSFULLY,UNCHANGEABLE,UNRESTRAINED,UPGRADE,UNIMPORTANT
UNABLE,UNICYCLE,UNKNOWN,UTILIZATION,UNLINKED,USENIX,UNSENT,UNACCEPTABLY,UNWISER
UNLEASHES,UNIX,USING,UNFLAGGING,UNTRUE,USURPER,UNDAUNTED,UNLINKING,UNIONIZERS
UPBRAID,UNDERTAKERS,UNTRUTHFULNESS,UNCONVINCING,UNITY,UNAWARE,UNKNOWN,USELESSNESS,UNREPRESENTABLE
UPRIGHTLY,UNCERTAINTIES,ULYSSES,ULTRIX,UNDERSCORES,UPGRADES,UNSURE,UNCLAIMED,UNDRESSES
UNJUST,UNDERTOOK,UNCLES,UNHEEDED,UNBELIEVABLE,ULYSSES,UNINSULATED,UNDERPLAYED,USHERED
UNDERFOOT,UNVEILED,UNSIGNED,UPHOLDER,UNUSUAL,UPGRADES,UPHILL,UNACHIEVABLE,UNPLEASANTLY
UNIONIZERS,URINE,UMPIRE,UNIBUS,UNDERSTANDS,UGLY,UNIFIED,UNWINDERS,UNINSULATED
UTOPIA,UNKINDNESS,UNFAITHFULNESS,URSULA,UNIFIERS,UNDIRECTED,UNIFICATION,USER,UNDID
UNCAUGHT,UNDERDONE,URDU,UNHAPPIEST,URGENT,USERS,UNION,UNIVERSALS,UNEXPECTEDLY
UNROLL,UTTERING,UNFOUNDED,UNDERLINED,UPHOLD,UNHEEDED,UNTREATED,UMPIRES,UNDOCUMENTED
UNPRIMED,UNBROKEN,UNCERTAIN,UPTURNING,UNIONIZE,UNMERCIFUL,UNRESTRICTED,UMBRELLA,UNCOVER
UNROLLED,UNALTERED,UNSURPRISINGLY,UNDERFOOT,UNSTABLE,URINATES,URUGUAYANS,UNTIMELY,UNCONSCIOUS
UNAESTHETICALLY,UNSATISFACTORY,UNANALYZABLE,UNIDENTIFIED,UNSPECIFIED,URGINGS,UPPER,UNAESTHETICALLY,UNARY
UNENDING,UNDERTAKEN,UNDERFLOWS,UNIFIED,UNSLOTTED,UNAIDED,UGLINESS,UNTYING,UNPARSED
URCHIN,UNAUTHORIZED,UPHOLSTERING,UNIDIRECTIONAL,UNTENABLE,UNFORMATTED,UNPLANNED,UNUSED,UNANALYZABLE
ULTRA,UNWISEST,UNACCOUNTABLE,UNEASY,UNIMPORTANT,UNCLAIMED,UNCAUGHT,UNVEILING,UTOPIANS
UNQUOTED,UNBOUND,UNACKNOWLEDGED,UNAWARE,UNCONDITIONALLY,ULTRA,UNDERPINNING,UNWRAPS,UNOFFICIALLY
UNPLEASANTLY,UNFAMILIARITY,UNTESTED,UNOFFICIAL,UNVEILED,UMBRELLA,UNTENABLE,UNWITTING,UNDERBRUSH
UNITARIAN,UNRAVELED,UNNECESSARY,UNDERWENT,UPSET,UNWISER,UNDEFINABILITY,UNTRIED,USES
UNBECOMING,UNDERWRITERS,UNASSAILABLE,UNAESTHETICALLY,UNFAIRNESS,UNFAIRNESS,UNDERFOOT,UNNERVE,UNBRIDLED
UNPLEASANTNESS,UNCONVINCING,UNKNOWINGLY,UPHOLDERS,UNDISCOVERED,UPHOLD,UNDAUNTED,UNHARMED,UNRESOLVED
UNDERESTIMATION,UNRESOLVED,UNFRIENDLY,UTRECHT,UNDRESSED,UNDERTAKES,UNOBTAINABLE,UNDERESTIMATED,UNTAPPED
UNTIED,USABLY,UNDERBRUSH,UNDERFLOWING,UNITED,ULTRIX,UNTRUE,UNBRIDLED,UNITE
UNSUPPORTED,URIS,UNWOUND,UBIQUITOUS,UNMASKED,UNLOADS,ULLMAN,UPROAR,UNLUCKY
UNDERGROUND,UNIVERSALS,URIS,UNIDIRECTIONALLY,UNJUSTIFIED,UNCONDITIONAL,UNGUARDED,UNDERSTATED,UNJUSTIFIABLE
UPHELD,UNSEEN,USABLY,UNTERMINATED,UNTO,UPHOLD,UNSLOTTED,URBAN,UNIFORMLY
UNTAGGED,UPLANDS,UNIX,UNSETTLING,UNWIELDINESS,UNSATISFIABILITY,UNJUSTIFIABLE,USENET,UNPREDICTABLY
UNIQUENESS,USABILITY,UNPROFITABLE,UNARMED,UPGRADES,UNWILLING,URINATE,UNCOORDINATED,UNLIMITED
UNARMED,UNEQUIVOCALLY,UNOCCUPIED,UTOPIANS,UTILIZING,UNJUSTIFIED,UNFRIENDLINESS,UNEASILY,UZI
UNDAUNTEDLY,UNIVAC,UNDERGRADUATE,UTILIZING,UPDATES,UTOPIA,UNACKNOWLEDGED,UPHOLDS,UNRESTRICTIVE
UNCERTAINLY,ULYSSES,UNSTEADINESS,UNMODIFIED,UNWILLINGNESS,UPHELD,UPTURN,UNIVERSALITY,UPRISINGS
UNHAPPY,UNDERLYING,UTILIZATION,UNDESIRABLE,UPCOMING,UNFAIRLY,UPDATES,UNWITTING,UNWINDERS
UNSURPRISINGLY,UNCONTROLLABILITY,UNKNOWNS,UNIFORMS,UNKINDLY,UNBLOCK,UNBROKEN,UPHOLDER,UNFOLDS
URGING,UNCLEAN,UNITING,UNMATCHED,UNSOLVED,UNCONVENTIONALLY,UNISOFT,UNITARIAN,UNSHAKEN
UNHEARD,UNNECESSARILY,UNDERLINGS,URBANA,UPLINK,UPHELD,UNGRATEFULLY,UNCOVERS,UNWILLINGLY
ULTRASONIC,UNICORN,USHERING,UNDERESTIMATION,UNESCO,UNLIKELY,UNHAPPIEST,UNLESS,USEFUL
UNDERWEAR,URN,USURPED,UGLIEST,USUALLY,UNVEILING,UNDERFLOWING,UNKINDNESS,UNDERLINES
UNHARMED,UNIVAC,UNRAVELED,UNPROTECTED,UNAWARE,UNIFIER,UNRAVELING,UNACCOUNTABLE,UNIFORM
ULLMAN,UNSTABLE,UPON,UNATTENDED,UNSETTLING,UNRAVELS,UNQUESTIONABLY,UNWILLING,UNLEASHED
URGE,UNIFY,UNABATED,UNIQUE,UNDERPINNINGS,UPHOLSTER,URUGUAYANS,UNIFICATIONS,UNEXPECTED
UNCLEARED,UNROLLING,UZI,UNEQUIVOCAL,UNACCUSTOMED,UPGRADING,UNSOPHISTICATED,UNAMBIGUOUS,UNTOUCHABLE
UPTURNING,UPLIFT,UNCORRECTABLE,UNWIELDINESS,UNINTERPRETED,URGE,UNBRIDLED,UNDOUBTEDLY,UTAH
UNDERWATER,USED,UNTRUE,UNKNOWNS,UNFOLD,UGANDA,UNDO,UNDISTURBED,UNIVERSE
UNMANAGEABLY,USHERS,UNDERESTIMATED,UNITS,UNCLEAN,UNIVALVES,UNAWARE,UNLOCKS,UNSETTLED
UNCONNECTED,UNISOFT,UNDERWENT,UNCERTAIN,UNIFORM,UNFAITHFULLY,UNIFY,USE,UNBELIEVABLE
UNDERESTIMATE,UNRELATED,UNKNOWINGLY,UNDERNEATH,UPLIFT,UNDERPLAYING,UNCLE,UNJUST,UNLIKE
UNDISTURBED,UNIFORMS,UNENDING,UNOFFICIAL,UNHAPPIER,UTILITY,UNIDIRECTIONALLY,UTOPIAN,UNACCUSTOMED
UNLINKING,UNFAITHFULLY,UNHAPPINESS,UNDETECTABLE,UNDERESTIMATING,UNTIDINESS,UNPROVABILITY,UNMARKED,UNMISTAKABLE
UGLIEST,UNCERTAIN,ULTIMATELY,UNWILLINGNESS,UNPLEASANTLY,UNWIELDINESS,UNORDERED,USHER,UNFAIR
UNDERSTANDABILITY,UNDERPINNINGS,UMBRELLAS,UNBELIEVABLE,UNIMPLEMENTED,UNDERDONE,USEFULNESS,UNENDING,UNDERGRADUATES
UNSPEAKABLE,URNS,UPRIGHT,UNUSUALLY,UNPLUG,UTTERANCES,UNROLLING,UNPLEASANTLY,UNNECESSARY
UNTHINKING,UNIDIRECTIONALLY,URCHIN,UNDRESSING,UNIVERSALS,UNFAITHFUL,UNAFFECTEDLY,USES,UNDISCIPLINED
UNBROKEN,UNBECOMING,UNIFORM,ULYSSES,UNTRUE,UNLABELLED,UNDERLING,UNDENIABLY,URGE
ULLMAN,URN,UNWILLINGLY,UNFOLDS,UTTERANCE,UGLY,UNCONTROLLABILITY,UNVEILED,UNCLE
UNDERFLOWS,UNHEARD,UNLIKE,UGLIEST,UNSETTLED,USEFUL,UNPRIMED,UNDERESTIMATE,UNSHAKEN
UNWHOLESOME,UNISOFT,UTTERS,UNBOUNDED,UNSURE,UNBUFFERED,UNGUARDED,UGLINESS,UNDERPINNING
UNDULY,UNLEASH,UPDATED,UNHAPPINESS,UNKNOWINGLY,UNWRAP,UPHOLSTER,UNDERLINING,UNCLES
UNIVERSITY,UNNECESSARY,UNDESIRABILITY,UNWHOLESOME,UTILIZING,UNIX,UNOBTAINABLE,UNBLOCKED,UNIVERSALS
UNITING,UNCOMFORTABLY,UNABBREVIATED,UNDERESTIMATION,USAGE,UNMANAGEABLE,UNION,UNGRAMMATICAL,UNDERDONE
UNCORRECTABLE,UNDERGO,UNNERVING,UNWILLINGNESS,UNLABELLED,UNNERVING,UNDECIDED,UDALL,URBANA
UNDERTAKE,UNJUSTIFIABLE,USURP,UKRAINIANS,UNRESPONSIVE,UNDID,UNEQUIVOCALLY,UNION,UNCOMPROMISING
UNWIND,UNQUALIFIED,UNDETECTABLE,UNTRUTHFULNESS,UNTOUCHABLE,URINATE,UNDERTAKES,UNAUTHORIZED,UNWHOLESOME
UNCOVERS,UNEXPECTEDLY,UNIMAGINABLE,UNSATISFIED,UNKINDLY,ULAN,UNRAVEL,UNRESTRICTEDLY,UNDERGOING
UNMARKED,ULYSSES,UNNERVING,UNLINKED,UNDERSTAND,UNCONTROLLABILITY,UNDERMINES,UTILITY,UNDERGO
