VILE,VECTORS,VISITOR,VARIETIES,VEXES,VALVES,VIENTIANE,VESSELS,VIRGIN
VERSATILITY,VINDICATED,VASTLY,VIVID,VULNERABILITIES,VIKINGS,VICTUALER,VOCATION,VOICERS
VIGILANTE,VISITED,VICIOUS,VOMITED,VALIDLY,VOMITED,VALIANT,VLADIVOSTOK,VARIES
VENTURING,VIE,VILLAGER,VERBALIZED,VARIANCES,VENOMOUSLY,VOLCANIC,VOWING,VEHICLES
VAPOR,VEER,VENTILATING,VIBRATIONS,VOTERS,VAMPIRE,VOLUNTARILY,VERBALLY,VEGETATIVE
VAGINA,VALPARAISO,VIRTUOSOS,VOLATILE,VEIN,VINDICATE,VICKERS,VARIANTLY,VENUS
VICTIM,VIOLINIST,VICTORS,VANISHING,VAPORS,VENETIAN,VOYAGING,VISIGOTH,VENTS
VARIAN,VECTORIZATION,VERACITY,VOLSTEAD,VATICANIZATION,VOLTAIRE,VIRGINS,VISCOUNT,VEXATION
VERTICAL,VALIANTLY,VENUSIAN,VICKSBURG,VALIANTLY,VERSUS,VATICAN,VASTEST,VANDALIZED
VILLAIN,VALUE,VINDICTIVE,VICTUALER,VIOLENTLY,VEHICLE,VICKSBURG,VERA,VARYINGS
VANCOUVER,VIRTUOUS,VENETO,VACANCY,VOLLEYBALL,VOIDED,VANDALIZE,VERTICALNESS,VENTURERS
VIRGO,VALLETTA,VOCATION,VILIFICATION,VARIANTLY,VIGNETTES,VESUVIUS,VACATIONS,VIGOROUS
VEXES,VENOM,VOYAGING,VOLUNTARILY,VALUABLE,VAGRANT,VENERABLE,VANITIES,VEERING
VOCATIONAL,VIKRAM,VOICES,VAULTED,VENOMOUS,VIEWPOINT,VIBRATION,VARYINGS,VATICANIZE
VALLEYS,VANISHING,VANCOUVER,VILLAGERS,VIOLINS,VOLATILITIES,VENTED,VARIATIONS,VISHNU
VIRGIL,VACATIONS,VILLAGERS,VENOM,VICTUALS,VERIFIABLE,VIOLATE,VOICERS,VERMONT
VEGETARIANS,VULTURES,VINEYARD,VOUGHT,VERNA,VIRUS,VIDEOTAPE,VALIDLY,VOICE
VARIETY,VECTORIZATION,VOCAL,VIRUSES,VANISHINGLY,VICTORIANIZES,VERMONT,VOLUNTARY,VEHEMENTLY
VENERABLE,VIOLINIST,VOGUE,VENERATION,VENUS,VACUUMED,VOWING,VOLCANOS,VERANDA
VOWING,VEGAS,VIVIDLY,VILIFY,VICINITY,VOCABULARIES,VIOLET,VITUS,VENTED
VALIDATION,VARIABLENESS,VENTILATES,VERTICES,VICE,VIENTIANE,VANDALIZED,VIRGINS,VAN
VASES,VEERS,VASE,VARIOUS,VOICES,VALUATIONS,VACUUMING,VARYING,VIRGO
VINDICTIVE,VISITOR,VARIATION,VESTIGES,VILLAGE,VERIFIED,VINDICATION,VAUGHAN,VATICANIZE
VIBRATE,VANDENBERG,VEGETATING,VERSATILE,VERDE,VESTIGIAL,VENTURERS,VALUE,VALPARAISO
VITO,VIEWED,VALUED,VIOLATORS,VOTIVE,VALKYRIE,VAST,VISITORS,VIGILANTLY
VALIDATING,VIOLINIST,VERIFICATIONS,VILLAGER,VISIBLY,VAGINAS,VISIBLE,VANDALIZES,VOTES
VEILED,VACANT,VISTA,VARIABLY,VILLAGES,VACATIONER,VANQUISHED,VAGARIES,VISUALIZING
VENTILATION,VIOLATION,VAINLY,VIVIDLY,VELOCITIES,VIOLIN,VENTILATING,VALERIE,VALENCE
VISIGOTHS,VILLA,VISORS,VARNISH,VELVET,VERTICAL,VIBRATING,VACATIONED,VEGETARIAN
VALIDATING,VOICER,VOCALS,VAUDOIS,VERTICES,VICTORIES,VILLAINOUSLY,VOWED,VASTER
VOIDING,VALPARAISO,VEXING,VIRTUOSOS,VEGETATED,VARIABLENESS,VISITORS,VETOES,VISITATIONS
VERSING,VOYAGE,VETERAN,VOCAL,VACATED,VOLUNTARILY,VICKSBURG,VERBAL,VARIAN
VOSS,VARNISH,VISIONS,VANITIES,VOICER,VIBRATIONS,VIBRATIONS,VIAL,VISTAS
VACANCIES,VISTA,VANGUARD,VALIDATION,VINSON,VETERINARIANS,VIENNESE,VETERINARIANS,VIENTIANE
VOTES,VICE,VACATING,VOUCHES,VACANCIES,VERTEX,VERBS,VACATION,VALIDATE
VICES,VERIFIABILITY,VIRGINS,VISHNU,VOSS,VERSATILITY,VANITY,VALERIE,VOMITING
VETERAN,VAMPIRE,VISUAL,VOYAGED,VOWING,VALLEYS,VAGUEST,VIDEOTAPE,VENETIAN
VERIFIABILITY,VERMIN,VIRGINIANS,VIC,VICIOUSLY,VICE,VALUABLES,VISORS,VIETNAMESE
VOYAGING,VERGER,VAPORING,VAUGHN,VINSON,VERACITY,VULTURES,VENUSIAN,VENGEANCE
VALIDATE,VANE,VINEYARD,VICTIMIZES,VANDERPOEL,VERSAILLES,VIRGINITY,VERBALIZED,VALUERS
VETOES,VOLITION,VERBALIZE,VIEWS,VEGAS,VEHICLE,VALLEY,VAULTER,VERBALIZING
VEGANISM,VALVES,VIRULENT,VINCE,VIDAL,VISIGOTH,VERBALIZED,VIEWERS,VOUCHING
VEILING,VICTUAL,VILLAGERS,VIRTUOSOS,VIOLATES,VIGILANCE,VICTUALS,VEHEMENTLY,VENEZUELA
VENISON,VERNA,VIEWABLE,VENTURINGS,VENTILATE,VERBOSE,VOYAGES,VANISHER,VALIDATION
VERMONT,VERTEX,VARIES,VOUCHING,VOUCH,VALES,VATICANIZATIONS,VALUATION,VOIDING
VELASQUEZ,VETERAN,VILIFICATIONS,VENTURINGS,VOCATIONS,VOCATIONS,VERANDA,VIDA,VISUALIZING
VIGOROUSLY,VIOLATING,VISOR,VOYAGING,VACATED,VIES,VALUES,VAPORS,VISITS
VOLSTEAD,VOWED,VERIFIER,VALES,VEGETATION,VIE,VERNON,VELA,VENDORS
VOUCHING,VIGOR,VICISSITUDE,VIEWING,VIRGINIAN,VIRTUES,VERMIN,VEHICLES,VOICE
VATICANIZES,VALUING,VOLSTEAD,VENOMOUSLY,VIRTUOSOS,VALUABLY,VIOLINISTS,VIEWPOINT,VAINLY
VANISHED,VISIBLE,VOLITION,VIKRAM,VATS,VOLUMES,VERSES,VOID,VINCI
VANISHED,VANDENBERG,VARIANCES,VIOLENCE,VITO,VINE,VICTORIANIZE,VEAL,VOLVO
VOLITION,VAULTER,VOID,VISCOUS,VENTILATE,VENGEANCE,VOYAGE,VEXING,VEGETATE
VIENNA,VELA,VOWS,VASTLY,VORTEX,VISIBILITY,VIRTUOSOS,VITALS,VELOCITIES
VOYAGE,VOYAGER,VISTAS,VALUATIONS,VIOLATES,VIRTUALLY,VALOIS,VIGILANT,VENGEANCE
VINDICTIVE,VINEGAR,VERBS,VOCALLY,VACATIONERS,VAULTING,VARIES,VIALS,VIRTUES
VOLUNTEERING,VERN,VAGABOND,VOUCHERS,VISIBLE,VEINS,VANES,VERN,VIABLY
VOUCHER,VIGOROUS,VOUCH,VACATE,VISIBLE,VIDEOTAPE,VIRULENT,VARNISH,VICE
VERBOSE,VORTEX,VIEWED,VINDICTIVE,VALERY,VARIABLENESS,VAULTER,VICTROLA,VAX
VECTORIZATION,VISTAS,VALIANT,VAULTING,VICISSITUDE,VAIL,VANITIES,VIEWPOINT,VICES
VEERS,VOLVO,VICTIMIZER,VITAE,VILIFIED,VARIAN,VACUUM,VALUE,VEERS
VILLAGERS,VASTLY,VARIABLE,VICTIMS,VISA,VIEW,VANGUARD,VAT,VIVIDNESS
VISITING,VASES,VERSES,VELOCITIES,VARIABLENESS,VOMIT,VIER,VALUERS,VANQUISHED
VOLCANOS,VOLUNTEER,VENTRICLES,VOIDING,VASTLY,VOUCHING,VERIFY,VOLTAGE,VAX
VELVET,VARIABILITY,VICTOR,VERTEBRATES,VERGES,VASQUEZ,VIVIDLY,VISHNU,VIER
VIKINGS,VAGARY,VANDALIZES,VETERANS,VALIDATING,VAUNT,VACUO,VERGE,VILIFICATIONS
VERBOSE,VALUES,VAPOR,VOLCANIC,VENTS,VOYAGES,VERACITY,VEINS,VANE
VOIDS,VILE,VISUAL,VANQUISHING,VEINS,VALUABLE,VAUDOIS,VERSED,VIEWPOINTS
VANITY,VOYAGES,VALUATION,VISITATION,VOGUE,VARYING,VEXING,VENGEANCE,VOIDS
VOUCHERS,VERACITY,VIDAL,VULNERABILITY,VERSA,VEINED,VAGUENESS,VIVIDLY,VALIDATING
VOYAGING,VALIDNESS,VEILS,VISUALIZE,VIEWERS,VICTUALS,VANESSA,VAUGHN,VEHICULAR
VETERINARIANS,VIOLET,VIAL,VOLUNTEER,VASTLY,VOTIVE,VOCABULARY,VIER,VERSED
VOW,VINTAGE,VISCOUNTS,VARIABLES,VOLSTEAD,VEGETATE,VILENESS,VERDI,VAGUELY
VOLATILITY,VINCE,VOLTAGE,VALENTINES,VEHEMENCE,VICKY,VICTORIANS,VOMITS,VIVALDI
VANQUISH,VIEWERS,VORTEX,VISCOUNT,VILLAINS,VISIBLE,VENTRICLES,VITAL,VARNISHES
VOLLEY,VENTRICLES,VICTUALS,VOMITED,VOUCHES,VIET,VENDOR,VALUED,VERONICA
VICTIMIZING,VENTURES,VERIFIABLE,VERNON,VIED,VALERY,VASTEST,VAIN,VITUS
VERTICES,VALENTINES,VACUUM,VEXED,VIOLATES,VILENESS,VIRGINITY,VIRGINS,VOTES
