RUN,REFORM,RAVENING,ROSY,REREAD,REEVALUATION,REFILLABLE,RELINQUISHES,RESUMING
REITERATION,RECOIL,REAPPRAISAL,RACKETEERING,RENTAL,REQUIRED,RECODES,RECIPE,RIOTS
RATTLES,RATIONALIZATIONS,RIFLES,RIDDLED,RENAME,REACTIVATION,REELING,REPRODUCIBILITY,ROOSEVELTIAN
RELOCATION,REDISPLAYS,RESEARCH,REITERATES,RALPH,RECONFIGURE,REENTERED,REVOCABLE,REFILLABLE
RUBIN,RIVALLED,RESPECTFUL,RIPPLES,RIGHTLY,REPARTEE,REALLOCATE,REFINES,RECYCLED
REACTORS,RENAULT,REASSIGNING,REFLECTIONS,RESYNCHRONIZING,RESTART,RECOILING,REDEEMER,REARRANGEMENT
RENUNCIATE,ROCKEFELLER,REFLECTIVELY,RAFTS,RELOAD,RINSE,REPEAL,REDUCES,RINSING
REHABILITATE,REYKJAVIK,RELIGIONS,RESTRAINER,REALIGN,RAISES,REAPPRAISALS,REPUDIATING,RADIOLOGY
REVISIONS,ROUSING,REGAIN,REPETITIVENESS,RIDICULOUSNESS,REENTER,RIGORS,RADIANCE,RECKON
REPEATERS,RADIOLOGY,ROSS,ROE,RULER,RIGHTMOST,RESPONDED,REFRESHED,RHYTHMIC
RAPED,RECTANGLE,RESPONSIBLY,REFERENDA,REBOOTS,RADIOLOGY,RUBLE,RESYNCHRONIZED,ROVED
REGIONALLY,RUDDY,REPRESENTABLY,REVERSED,REDDEST,ROOTING,RIGORS,REFEREES,RHENISH
REPRODUCIBLY,REJECTION,REASONABLE,REVILE,RETICULATES,RENDER,RUNNABLE,REPRODUCTION,RUNTIME
RECORDING,REFUGEES,RATIFY,RASCALLY,REPLETION,RECITALS,RECKONING,RWANDA,REPROACHES
RESULTS,RECOGNIZERS,ROAMS,ROASTS,RANKIN,RESEARCHES,RINEHART,REPRIEVE,RESURRECTIONS
ROTATES,RESERVES,REPLAYING,RUEFULLY,ROUTINGS,ROMELDALE,REPOSES,RELAPSE,REEF
RADICALLY,RADIATION,RUGGEDLY,REPRESSION,REVISIONARY,REBELLIOUSLY,RIBOFLAVIN,RIVALLED,REPRESENTABLY
REGRESSES,REFORMED,RAMSEY,REPRODUCING,RAVING,RAFT,REMAINING,REVERIFY,RETORTED
REEFER,REASSIGNING,REGENT,RELEGATED,REFORMATION,REPRODUCIBLE,RICO,REESTABLISH,ROBERTS
REPAYING,REPLIES,REFRESHER,REALIST,RELATIONSHIP,RECIPROCALLY,RETIRES,RECASTS,RELATING
REINVENTING,RISINGS,ROSENBERG,REVERSION,REMARKING,RUDENESS,RECOMMEND,ROBBED,RESTRAIN
RWANDA,RESERVED,REJOINDER,RELIVING,RASHER,RETROSPECTIVE,RETREATS,REVERSED,RINEHART
REMISS,RAFFERTY,RECONSIDERED,RECTIFY,RAKE,REGENTS,RAWER,RECOMMENDATION,RESTRAINERS
REPAIRER,REROUTED,RILKE,REPAID,ROUNDLY,RESIDED,RAP,RAINIEST,RECRUITS
REVILER,ROLL,REGRETFUL,RESTRAINER,ROUT,REWARDING,RIVALRY,REVEALS,REACHES
REVERSELY,RECREATED,REPLICAS,RECESSES,RECEIVABLE,RECOMMENDS,RHODESIA,RECOGNITION,RETRANSLATED
ROAMING,RING,REGRESS,REMOTELY,RETRACES,ROSABELLE,REPULSIONS,RANG,RECKON
RECAPTURED,ROMULUS,RUNTIME,RECIPROCATED,REMOVALS,RUTHLESS,RATED,RACKED,REVISIONARY
